subnet,country,datacenter,proxy_type
94.50.17.112/24,RU,,
77.88.5.253/24,RU,,
77.37.168.121/24,RU,,
77.37.170.73/24,RU,,
77.37.169.4/24,RU,,
91.241.128.0/24,RU,,
5.149.218.75/24,ROC,,
91.194.2.0/23,RU,,
195.9.165.246/32,RU,,
77.239.241.102/24,RU,,
93.170.109.240/24,RU,,
93.174.78.0/24,RU,,
85.193.66.0/24,ROC,,
46.34.135.0/24,RU,,
46.34.128.0/23,RU,,
91.103.64.0/21,RU,,
92.38.44.0/22,RU,,
5.59.48.0/22,RU,,
91.204.240.0/22,RU,,
2.56.25.0/24,ROC,,
2.63.144.0/20,ROC,,
2.63.176.0/20,ROC,,
5.59.104.0/24,RU,,
5.101.208.0/24,ROC,,
5.101.209.0/24,ROC,,
5.101.210.0/24,ROC,,
5.101.211.0/24,RU,,
5.101.212.0/24,RU,,
5.101.213.0/24,ROC,,
5.101.214.0/23,ROC,,
5.183.64.0/21,ROC,,
5.188.144.0/22,ROC,,
31.3.24.0/21,ROC,,
31.40.128.70/32,ROC,,
31.40.135.0/24,ROC,,
31.40.142.0/24,ROC,,
31.40.143.0/24,ROC,,
31.40.157.0/24,ROC,,
31.131.64.0/22,ROC,,
31.131.68.0/24,ROC,,
31.131.69.0/25,ROC,,
31.131.69.128/25,ROC,,
31.131.70.0/23,ROC,,
31.131.72.0/23,ROC,,
31.131.76.0/22,ROC,,
31.135.96.0/19,ROC,,
31.148.176.0/22,ROC,,
31.148.180.0/24,ROC,,
31.148.181.0/24,ROC,,
31.148.182.0/23,ROC,,
31.148.184.0/22,ROC,,
31.148.188.0/23,ROC,,
31.148.190.0/23,ROC,,
31.148.218.0/24,ROC,,
31.217.253.0/24,ROC,,
37.75.216.0/22,ROC,,
37.75.220.0/23,ROC,,
37.75.222.0/24,ROC,,
37.75.223.0/24,ROC,,
45.9.140.0/23,ROC,,
45.66.168.0/23,ROC,,
45.66.170.0/23,ROC,,
45.80.240.0/22,ROC,,
45.85.212.0/22,ROC,,
45.88.52.0/24,ROC,,
45.88.53.0/26,ROC,,
45.88.53.128/26,ROC,,
45.88.53.192/29,ROC,,
45.88.53.200/30,ROC,,
45.88.53.204/31,ROC,,
45.88.53.206/32,ROC,,
45.88.53.208/28,ROC,,
45.88.53.224/27,ROC,,
45.88.54.0/25,ROC,,
45.88.252.0/27,ROC,,
45.88.252.32/29,ROC,,
45.88.252.40/31,ROC,,
45.88.252.42/32,ROC,,
45.88.252.44/30,ROC,,
45.88.252.48/28,ROC,,
45.88.252.64/26,ROC,,
45.88.252.128/25,ROC,,
45.88.253.0/24,ROC,,
45.88.254.0/24,ROC,,
45.88.255.0/24,ROC,,
45.92.173.0/24,ROC,,
45.140.80.0/24,ROC,,
45.140.81.0/24,ROC,,
45.140.82.0/25,ROC,,
45.140.82.128/25,ROC,,
45.140.83.0/24,ROC,,
45.159.16.0/24,ROC,,
45.159.17.0/24,ROC,,
45.159.18.0/24,ROC,,
45.159.19.0/24,ROC,,
46.148.176.0/24,ROC,,
46.148.177.0/24,ROC,,
46.148.178.0/27,ROC,,
46.148.178.32/30,ROC,,
46.148.178.37/32,ROC,,
46.148.178.38/31,ROC,,
46.148.178.40/29,ROC,,
46.148.178.48/28,ROC,,
46.148.178.64/26,ROC,,
46.148.178.128/25,ROC,,
46.148.179.0/24,ROC,,
46.148.180.0/24,ROC,,
46.148.181.0/26,ROC,,
46.148.181.64/28,ROC,,
46.148.181.80/28,ROC,,
46.148.181.96/27,ROC,,
46.148.181.128/25,ROC,,
46.148.182.0/24,ROC,,
46.148.183.0/24,ROC,,
46.148.186.0/23,ROC,,
46.148.188.0/22,ROC,,
46.151.144.0/22,ROC,,
46.151.148.0/23,ROC,,
46.151.150.0/23,ROC,,
46.172.192.0/22,ROC,,
46.172.196.0/23,ROC,,
46.172.198.0/27,ROC,,
46.172.198.32/28,ROC,,
46.172.198.49/32,ROC,,
46.172.198.50/31,ROC,,
46.172.198.52/30,ROC,,
46.172.198.56/29,ROC,,
46.172.198.64/26,ROC,,
46.172.198.128/25,ROC,,
46.172.199.0/24,ROC,,
46.172.200.0/21,ROC,,
46.172.208.0/20,ROC,,
46.173.64.0/24,ROC,,
46.173.65.0/24,ROC,,
46.173.66.0/23,ROC,,
46.173.68.0/24,ROC,,
46.173.69.0/24,ROC,,
46.173.70.0/23,ROC,,
46.173.72.0/25,ROC,,
46.173.72.128/26,ROC,,
46.173.72.192/28,ROC,,
46.173.72.208/30,ROC,,
46.173.72.213/32,ROC,,
46.173.72.214/31,ROC,,
46.173.72.216/29,ROC,,
46.173.72.224/27,ROC,,
46.173.73.0/24,ROC,,
46.173.74.0/23,ROC,,
46.173.76.0/23,ROC,,
46.173.78.0/24,ROC,,
46.173.79.0/24,ROC,,
46.173.80.0/21,ROC,,
46.173.88.0/23,ROC,,
46.173.90.0/23,ROC,,
46.173.92.0/24,ROC,,
46.173.93.0/24,ROC,,
46.173.94.0/23,ROC,,
77.87.124.0/24,ROC,,
77.123.224.0/20,ROC,,
77.123.240.0/21,ROC,,
77.123.248.0/24,ROC,,
77.123.249.0/24,ROC,,
77.123.250.0/23,ROC,,
77.123.252.0/22,ROC,,
77.246.248.0/21,ROC,,
78.30.218.0/23,ROC,,
78.30.227.0/25,ROC,,
78.30.232.0/24,ROC,,
78.153.137.0/24,ROC,,
78.154.170.22/32,ROC,,
78.158.193.0/24,ROC,,
78.158.194.0/23,ROC,,
78.158.196.0/22,ROC,,
78.158.200.0/21,ROC,,
78.158.208.0/20,ROC,,
80.242.108.0/22,ROC,,
80.245.112.0/22,ROC,,
80.245.116.0/23,ROC,,
81.162.64.0/20,ROC,,
81.162.96.0/19,ROC,,
82.144.220.0/22,ROC,,
83.136.222.0/24,ROC,,
85.91.192.0/22,ROC,,
85.91.197.233/32,ROC,,
85.91.208.0/24,ROC,,
88.135.84.0/22,ROC,,
88.135.88.0/23,ROC,,
88.135.90.0/24,ROC,,
88.135.91.0/24,ROC,,
88.135.92.0/22,ROC,,
88.135.112.0/20,ROC,,
89.22.240.0/25,ROC,,
89.22.240.128/26,ROC,,
89.22.240.192/28,ROC,,
89.22.240.209/32,ROC,,
89.22.240.210/31,ROC,,
89.22.240.212/30,ROC,,
89.22.240.216/29,ROC,,
89.22.240.224/27,ROC,,
89.22.241.0/24,ROC,,
89.22.242.0/23,ROC,,
89.22.244.0/22,ROC,,
89.22.248.0/21,ROC,,
89.107.136.0/24,ROC,,
89.107.137.0/24,ROC,,
89.107.138.0/27,ROC,,
89.107.138.32/28,ROC,,
89.107.138.48/29,ROC,,
89.107.138.56/32,ROC,,
89.107.138.57/32,ROC,,
89.107.138.58/31,ROC,,
89.107.138.60/30,ROC,,
89.107.138.64/26,ROC,,
89.107.138.128/25,ROC,,
89.107.139.0/28,ROC,,
89.107.139.16/29,ROC,,
89.107.139.24/30,ROC,,
89.107.139.28/32,ROC,,
89.107.139.30/31,ROC,,
89.107.139.32/27,ROC,,
89.107.139.64/26,ROC,,
89.107.139.128/25,ROC,,
89.251.160.0/21,ROC,,
89.251.168.0/23,ROC,,
89.251.170.0/23,ROC,,
89.251.172.0/22,ROC,,
91.132.218.0/24,ROC,,
91.132.219.0/24,ROC,,
91.194.163.0/24,ROC,,
91.197.132.0/24,ROC,,
91.197.133.0/24,ROC,,
91.197.134.0/23,ROC,,
91.205.157.0/24,ROC,,
91.205.164.0/22,ROC,,
91.205.216.0/23,ROC,,
91.205.218.0/26,ROC,,
91.205.218.64/27,ROC,,
91.205.218.96/28,ROC,,
91.205.218.112/31,ROC,,
91.205.218.114/32,ROC,,
91.205.218.115/32,ROC,,
91.205.218.116/30,ROC,,
91.205.218.120/29,ROC,,
91.205.218.128/25,ROC,,
91.205.219.0/24,ROC,,
91.207.97.0/24,ROC,,
91.207.107.0/24,ROC,,
91.207.108.0/23,ROC,,
91.209.54.0/24,ROC,,
91.210.120.0/22,ROC,,
91.210.148.0/24,ROC,,
91.210.149.0/24,ROC,,
91.210.176.0/22,ROC,,
91.212.201.0/24,ROC,,
91.212.220.0/24,ROC,,
91.214.124.0/24,ROC,,
91.214.127.0/24,ROC,,
91.214.128.0/23,ROC,,
91.214.130.0/25,ROC,,
91.214.130.128/30,ROC,,
91.214.130.133/32,ROC,,
91.214.130.134/31,ROC,,
91.214.130.136/29,ROC,,
91.214.130.144/28,ROC,,
91.214.130.160/27,ROC,,
91.214.130.192/26,ROC,,
91.215.60.0/22,ROC,,
91.216.240.0/24,ROC,,
91.217.78.0/23,ROC,,
91.219.232.0/23,ROC,,
91.219.234.0/25,ROC,,
91.219.234.128/25,ROC,,
91.219.235.0/24,ROC,,
91.221.52.0/23,ROC,,
91.222.48.0/23,ROC,,
91.222.50.0/24,ROC,,
91.222.51.0/24,ROC,,
91.223.48.0/24,ROC,,
91.224.30.0/24,ROC,,
91.224.168.0/23,ROC,,
91.225.152.0/23,ROC,,
91.225.154.0/28,ROC,,
91.225.154.16/31,ROC,,
91.225.154.18/32,ROC,,
91.225.154.19/32,ROC,,
91.225.154.20/30,ROC,,
91.225.154.24/29,ROC,,
91.225.154.32/27,ROC,,
91.225.154.64/26,ROC,,
91.225.154.128/25,ROC,,
91.225.155.0/24,ROC,,
91.234.98.0/24,ROC,,
91.235.12.0/22,ROC,,
91.235.84.0/22,ROC,,
91.236.114.0/24,ROC,,
91.236.134.0/23,ROC,,
91.237.182.0/23,ROC,,
91.238.74.0/23,ROC,,
91.241.130.0/25,ROC,,
91.241.137.0/24,ROC,,
91.241.138.0/24,ROC,,
91.241.139.0/24,ROC,,
91.241.144.0/25,ROC,,
91.241.145.0/24,ROC,,
91.241.147.0/24,ROC,,
91.241.156.0/26,ROC,,
91.241.156.64/27,ROC,,
91.241.156.96/29,ROC,,
91.241.156.104/32,ROC,,
91.241.156.106/31,ROC,,
91.241.156.108/30,ROC,,
91.241.156.112/28,ROC,,
91.241.156.128/25,ROC,,
91.241.157.0/24,ROC,,
91.244.152.0/22,ROC,,
91.244.233.15/32,ROC,,
91.247.112.0/22,ROC,,
91.247.116.0/23,ROC,,
91.247.118.0/24,ROC,,
91.247.120.0/22,ROC,,
92.51.4.0/25,ROC,,
92.51.4.128/25,ROC,,
92.51.5.0/25,ROC,,
92.51.5.128/25,ROC,,
92.118.200.0/22,ROC,,
92.242.40.0/24,ROC,,
93.77.94.0/24,ROC,,
93.77.160.0/25,ROC,,
93.77.160.128/25,ROC,,
93.77.161.0/24,ROC,,
93.77.162.0/23,ROC,,
93.77.164.0/22,ROC,,
93.77.168.0/21,ROC,,
93.77.176.0/20,ROC,,
93.190.176.0/24,ROC,,
93.190.177.0/24,ROC,,
93.190.178.0/24,ROC,,
93.190.179.0/24,ROC,,
93.190.180.0/22,ROC,,
94.126.24.0/21,ROC,,
95.47.54.0/23,ROC,,
95.47.137.0/25,ROC,,
95.47.137.128/26,ROC,,
95.47.137.192/27,ROC,,
95.47.137.224/31,ROC,,
95.47.137.226/32,ROC,,
95.47.137.228/30,ROC,,
95.47.137.232/29,ROC,,
95.47.137.240/28,ROC,,
95.130.229.0/24,ROC,,
95.130.230.0/24,ROC,,
95.215.112.0/21,ROC,,
109.200.128.0/20,ROC,,
109.200.144.0/21,ROC,,
109.200.152.0/22,ROC,,
109.200.156.0/24,ROC,,
109.200.157.0/24,ROC,,
109.200.158.0/24,ROC,,
109.200.159.0/24,ROC,,
130.255.132.0/24,ROC,,
130.255.133.0/24,ROC,,
146.120.240.0/24,ROC,,
176.98.48.0/22,ROC,,
176.99.103.0/24,ROC,,
176.99.104.0/21,ROC,,
176.99.112.0/21,ROC,,
176.99.120.0/22,ROC,,
176.99.126.0/23,ROC,,
176.101.184.0/21,ROC,,
176.108.184.0/24,ROC,,
176.108.185.0/24,ROC,,
176.108.186.0/24,ROC,,
176.108.187.0/24,ROC,,
176.108.188.0/24,ROC,,
176.108.189.0/24,ROC,,
176.108.190.0/23,ROC,,
176.109.8.0/22,ROC,,
176.109.12.0/22,ROC,,
176.114.32.0/27,ROC,,
176.114.32.32/28,ROC,,
176.114.32.48/29,ROC,,
176.114.32.56/30,ROC,,
176.114.32.61/32,ROC,,
176.114.32.62/31,ROC,,
176.114.32.64/26,ROC,,
176.114.32.128/25,ROC,,
176.114.33.0/24,ROC,,
176.114.34.0/23,ROC,,
176.114.36.0/22,ROC,,
176.114.40.0/21,ROC,,
176.241.147.97/32,ROC,,
178.34.152.0/23,ROC,,
178.34.154.0/23,ROC,,
178.34.156.0/23,ROC,,
178.34.158.0/24,ROC,,
178.34.159.0/24,ROC,,
178.34.176.0/22,ROC,,
178.34.180.0/23,ROC,,
178.34.182.0/23,ROC,,
178.34.188.0/23,ROC,,
178.159.112.0/20,ROC,,
178.212.64.0/21,ROC,,
178.219.160.0/22,ROC,,
178.219.164.0/23,ROC,,
178.219.166.0/25,ROC,,
178.219.166.128/26,ROC,,
178.219.166.192/26,ROC,,
178.219.167.0/24,ROC,,
178.219.168.0/24,ROC,,
178.219.169.0/24,ROC,,
178.219.170.0/24,ROC,,
178.219.171.0/24,ROC,,
178.219.172.0/24,ROC,,
178.219.173.0/24,ROC,,
178.219.174.0/24,ROC,,
178.219.175.0/24,ROC,,
185.14.16.0/22,ROC,,
185.41.204.0/23,ROC,,
185.64.7.0/24,ROC,,
185.76.82.0/24,ROC,,
185.94.212.0/24,ROC,,
185.94.213.0/24,ROC,,
185.94.214.0/23,ROC,,
185.99.152.0/23,ROC,,
185.99.154.0/23,ROC,,
185.99.156.0/24,ROC,,
185.99.157.0/24,ROC,,
185.99.158.0/24,ROC,,
185.99.159.0/24,ROC,,
185.99.160.0/24,ROC,,
185.99.161.0/25,ROC,,
185.99.161.128/25,ROC,,
185.99.162.0/24,ROC,,
185.99.163.0/24,ROC,,
185.104.212.0/22,ROC,,
185.107.124.0/22,ROC,,
185.107.136.0/24,ROC,,
185.107.137.0/24,ROC,,
185.107.138.0/23,ROC,,
185.107.156.0/23,ROC,,
185.107.158.0/23,ROC,,
185.107.164.0/24,ROC,,
185.107.165.0/24,ROC,,
185.107.166.0/23,ROC,,
185.107.252.0/23,ROC,,
185.107.254.0/23,ROC,,
185.108.212.0/22,ROC,,
185.109.204.0/23,ROC,,
185.109.206.0/24,ROC,,
185.109.207.0/24,ROC,,
185.109.208.0/23,ROC,,
185.111.48.0/22,ROC,,
185.111.164.0/23,ROC,,
185.111.166.0/24,ROC,,
185.111.167.0/25,ROC,,
185.111.167.128/26,ROC,,
185.111.167.192/30,ROC,,
185.111.167.196/31,ROC,,
185.111.167.199/32,ROC,,
185.111.167.200/29,ROC,,
185.111.167.208/28,ROC,,
185.111.167.224/27,ROC,,
185.112.140.0/22,ROC,,
185.112.236.0/23,ROC,,
185.112.238.0/24,ROC,,
185.112.239.0/25,ROC,,
185.112.239.128/26,ROC,,
185.112.239.192/28,ROC,,
185.112.239.208/31,ROC,,
185.112.239.211/32,ROC,,
185.112.239.212/30,ROC,,
185.112.239.216/29,ROC,,
185.112.239.224/27,ROC,,
185.113.72.0/24,ROC,,
185.113.73.0/27,ROC,,
185.113.73.32/30,ROC,,
185.113.73.36/31,ROC,,
185.113.73.39/32,ROC,,
185.113.73.40/29,ROC,,
185.113.73.48/28,ROC,,
185.113.73.64/26,ROC,,
185.113.73.128/25,ROC,,
185.113.74.0/24,ROC,,
185.113.75.0/26,ROC,,
185.113.75.64/28,ROC,,
185.113.75.80/29,ROC,,
185.113.75.88/31,ROC,,
185.113.75.91/32,ROC,,
185.113.75.92/30,ROC,,
185.113.75.96/27,ROC,,
185.113.75.128/25,ROC,,
185.113.78.0/25,ROC,,
185.113.78.128/27,ROC,,
185.113.78.160/31,ROC,,
185.113.78.163/32,ROC,,
185.113.78.164/30,ROC,,
185.113.78.168/29,ROC,,
185.113.78.176/28,ROC,,
185.113.78.192/26,ROC,,
185.113.79.0/27,ROC,,
185.113.79.32/28,ROC,,
185.113.79.48/30,ROC,,
185.113.79.52/31,ROC,,
185.113.79.54/32,ROC,,
185.113.79.56/29,ROC,,
185.113.79.64/26,ROC,,
185.113.79.128/25,ROC,,
185.116.228.0/22,ROC,,
185.117.100.0/22,ROC,,
185.117.140.0/23,ROC,,
185.117.142.0/23,ROC,,
185.120.88.0/24,ROC,,
185.120.89.0/24,ROC,,
185.120.90.0/24,ROC,,
185.120.91.0/24,ROC,,
185.123.44.0/23,ROC,,
185.123.46.0/23,ROC,,
185.135.180.0/22,ROC,,
185.138.200.0/22,ROC,,
185.141.40.0/22,ROC,,
185.146.212.0/23,ROC,,
185.146.214.0/24,ROC,,
185.146.215.0/24,ROC,,
185.151.128.0/25,ROC,,
185.151.128.128/25,ROC,,
185.151.129.0/24,ROC,,
185.151.130.0/23,ROC,,
185.159.164.0/22,ROC,,
185.163.236.0/23,ROC,,
185.163.238.0/24,ROC,,
185.163.239.0/26,ROC,,
185.163.239.65/32,ROC,,
185.163.239.66/31,ROC,,
185.163.239.68/30,ROC,,
185.163.239.72/29,ROC,,
185.163.239.80/28,ROC,,
185.163.239.96/27,ROC,,
185.163.239.128/25,ROC,,
185.173.112.0/22,ROC,,
185.183.76.0/23,ROC,,
185.185.180.0/22,ROC,,
185.205.236.0/23,ROC,,
185.207.252.0/22,ROC,,
185.229.184.0/23,ROC,,
185.229.186.0/25,ROC,,
185.229.186.128/25,ROC,,
185.229.187.0/25,ROC,,
185.229.187.128/25,ROC,,
185.236.216.0/22,ROC,,
185.239.116.0/22,ROC,,
185.239.120.0/23,ROC,,
185.239.122.0/23,ROC,,
185.239.128.0/23,ROC,,
185.239.130.0/23,ROC,,
185.239.132.0/24,ROC,,
185.239.134.0/24,ROC,,
185.251.20.0/24,ROC,,
185.252.60.0/22,ROC,,
188.114.192.0/22,ROC,,
188.114.200.0/21,ROC,,
188.114.208.0/23,ROC,,
188.114.210.0/23,ROC,,
188.114.212.0/22,ROC,,
188.114.216.0/22,ROC,,
188.114.220.0/22,ROC,,
188.124.224.0/23,ROC,,
188.124.226.0/23,ROC,,
188.124.248.0/21,ROC,,
188.128.82.0/24,ROC,,
188.128.83.0/26,ROC,,
188.128.83.64/31,ROC,,
188.128.83.71/32,ROC,,
188.128.83.72/29,ROC,,
188.128.83.80/28,ROC,,
188.128.83.96/27,ROC,,
188.128.83.184/29,ROC,,
188.191.20.0/24,ROC,,
188.191.21.0/24,ROC,,
188.191.22.0/23,ROC,,
188.191.28.0/23,ROC,,
188.191.30.0/25,ROC,,
188.191.30.177/32,ROC,,
188.191.30.188/32,ROC,,
188.191.30.198/32,ROC,,
193.3.40.0/24,ROC,,
193.23.122.0/24,ROC,,
193.25.121.24/32,ROC,,
193.27.242.0/24,ROC,,
193.27.243.0/25,ROC,,
193.27.243.128/26,ROC,,
193.27.243.192/29,ROC,,
193.27.243.200/30,ROC,,
193.27.243.204/32,ROC,,
193.27.243.206/31,ROC,,
193.27.243.208/28,ROC,,
193.27.243.224/27,ROC,,
193.33.236.0/23,ROC,,
193.47.240.0/24,ROC,,
193.47.241.0/24,ROC,,
193.47.242.0/24,ROC,,
193.47.243.0/24,ROC,,
193.104.145.0/24,ROC,,
193.106.184.0/24,ROC,,
193.106.185.0/25,ROC,,
193.106.185.128/26,ROC,,
193.106.186.0/23,ROC,,
193.107.40.0/22,ROC,,
193.107.112.0/22,ROC,,
193.148.62.0/24,ROC,,
193.162.130.0/24,ROC,,
193.163.197.0/24,ROC,,
193.188.254.0/24,ROC,,
193.228.132.0/23,ROC,,
193.228.134.0/24,ROC,,
193.228.135.0/24,ROC,,
193.238.109.0/24,ROC,,
193.238.110.0/24,ROC,,
193.238.111.0/24,ROC,,
194.9.26.0/23,ROC,,
194.15.57.0/24,ROC,,
194.15.147.0/24,ROC,,
194.28.20.0/22,ROC,,
194.28.36.0/22,ROC,,
194.28.88.0/23,ROC,,
194.28.90.0/24,ROC,,
194.28.91.0/26,ROC,,
194.28.91.64/28,ROC,,
194.28.91.80/29,ROC,,
194.28.91.88/32,ROC,,
194.28.91.90/31,ROC,,
194.28.91.92/30,ROC,,
194.28.91.96/27,ROC,,
194.28.91.128/25,ROC,,
194.54.152.0/22,ROC,,
194.127.112.0/25,ROC,,
194.127.112.128/25,ROC,,
194.127.113.0/24,ROC,,
194.127.114.0/25,ROC,,
194.127.114.128/25,ROC,,
194.127.115.0/24,ROC,,
194.135.34.0/24,ROC,,
194.135.36.0/23,ROC,,
194.135.38.0/24,ROC,,
194.135.39.0/24,ROC,,
194.135.44.0/23,ROC,,
194.147.48.0/23,ROC,,
194.147.50.0/24,ROC,,
194.187.148.0/24,ROC,,
194.187.150.0/23,ROC,,
194.247.16.0/23,ROC,,
195.5.108.0/23,ROC,,
195.18.16.0/23,ROC,,
195.18.18.0/24,ROC,,
195.18.19.0/24,ROC,,
195.20.30.0/23,ROC,,
195.20.118.0/24,ROC,,
195.26.80.0/32,ROC,,
195.26.80.1/32,ROC,,
195.26.80.2/31,ROC,,
195.26.80.4/30,ROC,,
195.26.80.8/29,ROC,,
195.26.80.16/28,ROC,,
195.26.80.32/27,ROC,,
195.26.80.64/26,ROC,,
195.26.80.128/25,ROC,,
195.26.81.0/24,ROC,,
195.26.82.0/23,ROC,,
195.49.200.0/21,ROC,,
195.54.42.0/27,ROC,,
195.54.42.32/31,ROC,,
195.54.42.34/32,ROC,,
195.54.42.36/30,ROC,,
195.54.42.40/29,ROC,,
195.54.42.48/28,ROC,,
195.54.42.64/26,ROC,,
195.54.42.128/25,ROC,,
195.54.43.0/24,ROC,,
195.66.138.0/23,ROC,,
195.88.52.0/30,ROC,,
195.88.52.4/30,ROC,,
195.88.52.8/29,ROC,,
195.88.52.16/28,ROC,,
195.88.52.32/27,ROC,,
195.88.52.64/26,ROC,,
195.88.52.128/25,ROC,,
195.88.53.0/24,ROC,,
195.88.112.0/23,ROC,,
195.93.160.0/23,ROC,,
195.110.6.0/23,ROC,,
195.114.6.0/23,ROC,,
195.211.116.67/32,ROC,,
195.216.212.0/23,ROC,,
212.22.68.0/24,ROC,,
212.22.76.0/24,ROC,,
212.22.80.0/24,ROC,,
212.22.82.0/24,ROC,,
212.22.83.0/24,ROC,,
212.22.86.0/24,ROC,,
212.110.154.102/32,ROC,,
217.147.8.0/23,ROC,,
217.147.10.0/23,ROC,,
217.175.0.0/22,ROC,,
217.175.4.0/23,ROC,,
217.175.6.0/24,ROC,,
217.175.7.0/24,ROC,,
217.175.8.0/24,ROC,,
217.175.9.0/24,ROC,,
217.175.10.0/23,ROC,,
217.175.12.0/23,ROC,,
217.175.14.0/26,ROC,,
217.175.14.64/28,ROC,,
217.175.14.80/30,ROC,,
217.175.14.84/31,ROC,,
217.175.14.86/32,ROC,,
217.175.14.87/32,ROC,,
217.175.14.88/29,ROC,,
217.175.14.96/27,ROC,,
217.175.14.128/25,ROC,,
217.175.15.0/24,ROC,,
2a02:26f7:b6c0:4e01::/64,ROC,,
2a02:26f7:b6c0:4e02::/64,ROC,,
2a02:26f7:b6c0:4e03::/64,ROC,,
2a02:26f7:b6c0:4e04::/64,ROC,,
2a02:26f7:b6c0:4e05::/64,ROC,,
2a02:26f7:b6c0:4e06::/63,ROC,,
2a02:26f7:b6c0:4e08::/64,ROC,,
2a02:26f7:b6c0:4e09::/64,ROC,,
2a02:26f7:b6c0:4e0a::/64,ROC,,
2a02:26f7:b6c0:4e0b::/64,ROC,,
2a02:26f7:b6c0:4e0c::/64,ROC,,
2a02:26f7:b6c4:4e01::/64,ROC,,
2a02:26f7:b6c4:4e02::/64,ROC,,
2a02:26f7:b6c4:4e03::/64,ROC,,
2a02:26f7:b6c4:4e04::/64,ROC,,
2a02:26f7:b6c4:4e05::/64,ROC,,
2a02:26f7:b6c4:4e06::/63,ROC,,
2a02:26f7:b6c4:4e08::/64,ROC,,
2a02:26f7:b6c4:4e09::/64,ROC,,
2a02:26f7:b6c4:4e0a::/64,ROC,,
2a02:26f7:b6c4:4e0b::/64,ROC,,
2a02:26f7:b6c4:4e0c::/64,ROC,,
2a02:26f7:b6c8:4e01::/64,ROC,,
2a02:26f7:b6c8:4e02::/64,ROC,,
2a02:26f7:b6c8:4e03::/64,ROC,,
2a02:26f7:b6c8:4e04::/64,ROC,,
2a02:26f7:b6c8:4e05::/64,ROC,,
2a02:26f7:b6c8:4e06::/63,ROC,,
2a02:26f7:b6c8:4e08::/64,ROC,,
2a02:26f7:b6c8:4e09::/64,ROC,,
2a02:26f7:b6c8:4e0a::/64,ROC,,
2a02:26f7:b6c8:4e0b::/64,ROC,,
2a02:26f7:b6c8:4e0c::/64,ROC,,
2a02:26f7:b6cc:4e01::/64,ROC,,
2a02:26f7:b6cc:4e02::/64,ROC,,
2a02:26f7:b6cc:4e03::/64,ROC,,
2a02:26f7:b6cc:4e04::/64,ROC,,
2a02:26f7:b6cc:4e05::/64,ROC,,
2a02:26f7:b6cc:4e06::/63,ROC,,
2a02:26f7:b6cc:4e08::/64,ROC,,
2a02:26f7:b6cc:4e09::/64,ROC,,
2a02:26f7:b6cc:4e0a::/64,ROC,,
2a02:26f7:b6cc:4e0b::/64,ROC,,
2a02:26f7:b6cc:4e0c::/64,ROC,,
5.56.24.0/22,DNO,,
5.56.28.0/23,DNO,,
5.56.30.0/24,DNO,,
5.56.31.0/24,DNO,,
5.104.32.0/23,DNO,,
5.104.34.0/23,DNO,,
5.104.36.0/24,DNO,,
5.104.37.0/24,DNO,,
5.104.38.0/23,DNO,,
5.104.40.0/23,DNO,,
5.104.42.0/23,DNO,,
5.104.44.0/25,DNO,,
5.104.44.128/25,DNO,,
5.104.45.0/24,DNO,,
5.104.46.0/24,DNO,,
5.104.47.0/24,DNO,,
5.104.48.0/23,DNO,,
5.104.50.0/23,DNO,,
5.104.52.0/23,DNO,,
5.104.54.0/23,DNO,,
5.104.56.0/24,DNO,,
5.104.57.0/24,DNO,,
5.104.58.0/24,DNO,,
5.104.59.0/24,DNO,,
5.104.60.0/23,DNO,,
5.104.62.0/23,DNO,,
5.105.0.0/22,DNO,,
5.105.4.0/23,DNO,,
5.105.6.0/24,DNO,,
5.105.7.128/25,DNO,,
5.105.8.0/24,DNO,,
5.105.9.0/24,DNO,,
5.105.10.0/24,DNO,,
5.105.11.0/24,DNO,,
5.105.12.0/24,DNO,,
5.105.13.0/24,DNO,,
5.105.14.0/25,DNO,,
5.105.14.128/25,DNO,,
5.105.15.0/24,DNO,,
5.105.16.0/23,DNO,,
5.105.18.0/24,DNO,,
5.105.19.0/24,DNO,,
5.105.20.0/23,DNO,,
5.105.22.0/24,DNO,,
5.105.23.0/24,DNO,,
5.105.24.0/21,DNO,,
5.105.32.0/24,DNO,,
5.105.33.0/24,DNO,,
5.105.34.0/24,DNO,,
5.105.35.0/24,DNO,,
5.105.36.0/23,DNO,,
5.105.39.0/24,DNO,,
5.105.40.0/21,DNO,,
5.105.48.0/21,DNO,,
5.105.56.0/21,DNO,,
5.105.64.0/20,DNO,,
5.105.80.0/21,DNO,,
5.105.88.0/21,DNO,,
5.105.96.0/21,DNO,,
5.105.104.0/21,DNO,,
5.105.112.0/20,DNO,,
5.105.128.0/21,DNO,,
5.105.136.0/24,DNO,,
5.105.137.0/24,DNO,,
5.105.138.0/23,DNO,,
5.105.140.0/22,DNO,,
5.105.144.0/23,DNO,,
5.105.146.0/24,DNO,,
5.105.147.0/24,DNO,,
5.105.148.0/22,DNO,,
5.105.152.0/21,DNO,,
5.105.160.0/22,DNO,,
5.105.164.0/24,DNO,,
5.105.165.0/24,DNO,,
5.105.166.0/24,DNO,,
5.105.167.0/24,DNO,,
5.105.168.0/21,DNO,,
5.105.176.0/20,DNO,,
5.105.192.0/23,DNO,,
5.105.194.0/23,DNO,,
5.105.196.0/24,DNO,,
5.105.197.0/24,DNO,,
5.105.198.0/24,DNO,,
5.105.199.0/24,DNO,,
5.105.200.0/21,DNO,,
5.105.208.0/24,DNO,,
5.105.209.0/24,DNO,,
5.105.210.0/24,DNO,,
5.105.211.0/24,DNO,,
5.105.212.0/24,DNO,,
5.105.213.0/24,DNO,,
5.105.214.0/24,DNO,,
5.105.215.0/24,DNO,,
5.105.216.0/21,DNO,,
5.105.224.0/21,DNO,,
5.105.232.0/22,DNO,,
5.105.236.0/24,DNO,,
5.105.237.0/24,DNO,,
5.105.238.0/23,DNO,,
5.105.240.0/20,DNO,,
5.153.130.0/23,DNO,,
5.153.132.0/23,DNO,,
5.153.134.0/25,DNO,,
5.153.134.128/25,DNO,,
5.153.135.0/24,DNO,,
5.153.136.0/26,DNO,,
5.153.136.230/31,DNO,,
5.153.137.0/24,DNO,,
5.153.138.0/24,DNO,,
5.153.139.0/24,DNO,,
5.153.140.0/25,DNO,,
5.153.140.128/25,DNO,,
5.153.141.0/24,DNO,,
5.153.142.0/23,DNO,,
5.153.158.64/26,DNO,,
5.153.158.128/25,DNO,,
5.153.160.0/24,DNO,,
5.153.162.0/23,DNO,,
5.153.168.0/24,DNO,,
5.153.169.0/25,DNO,,
5.153.169.128/25,DNO,,
5.153.170.0/23,DNO,,
5.153.173.0/24,DNO,,
5.153.175.0/25,DNO,,
5.153.176.0/24,DNO,,
5.153.177.0/24,DNO,,
5.153.178.0/24,DNO,,
5.153.180.0/24,DNO,,
5.153.182.0/23,DNO,,
5.153.190.0/24,DNO,,
31.6.96.0/22,DNO,,
31.6.100.0/23,DNO,,
31.6.103.0/24,DNO,,
31.6.104.0/24,DNO,,
31.6.105.0/24,DNO,,
31.6.106.0/23,DNO,,
31.6.108.0/23,DNO,,
31.6.110.0/23,DNO,,
31.6.116.0/23,DNO,,
31.6.118.0/23,DNO,,
31.6.120.0/22,DNO,,
31.6.124.0/22,DNO,,
31.40.131.0/24,DNO,,
31.40.139.0/24,DNO,,
31.40.168.0/22,DNO,,
31.40.174.0/23,DNO,,
31.40.176.0/23,DNO,,
31.40.180.0/22,DNO,,
31.40.184.0/22,DNO,,
31.43.160.0/22,DNO,,
31.43.190.0/24,DNO,,
31.128.80.0/24,DNO,,
31.131.128.0/21,DNO,,
31.131.136.0/23,DNO,,
31.131.138.0/24,DNO,,
31.131.139.0/24,DNO,,
31.131.140.0/22,DNO,,
31.133.48.0/22,DNO,,
31.133.53.0/24,DNO,,
31.133.54.0/24,DNO,,
31.133.56.0/24,DNO,,
31.133.57.0/25,DNO,,
31.133.57.128/28,DNO,,
31.133.57.160/27,DNO,,
31.133.57.192/26,DNO,,
31.133.59.0/24,DNO,,
31.133.60.0/22,DNO,,
31.135.177.0/24,DNO,,
31.135.180.0/24,DNO,,
31.135.182.0/25,DNO,,
31.135.183.140/30,DNO,,
31.148.52.0/22,DNO,,
31.148.56.0/21,DNO,,
31.148.170.0/23,DNO,,
31.148.175.0/24,DNO,,
31.148.221.0/24,DNO,,
31.202.193.128/25,DNO,,
31.202.194.0/24,DNO,,
31.202.195.0/25,DNO,,
31.202.196.0/24,DNO,,
31.202.198.192/26,DNO,,
31.202.199.128/25,DNO,,
31.202.202.128/25,DNO,,
31.202.203.0/25,DNO,,
31.202.204.128/25,DNO,,
31.202.205.0/24,DNO,,
31.202.207.0/25,DNO,,
31.202.209.128/25,DNO,,
31.202.210.0/25,DNO,,
31.202.213.128/25,DNO,,
31.202.214.0/24,DNO,,
31.202.215.0/25,DNO,,
31.202.215.160/27,DNO,,
31.202.216.0/25,DNO,,
31.202.217.0/24,DNO,,
31.202.220.128/25,DNO,,
31.202.223.128/25,DNO,,
31.202.224.128/25,DNO,,
31.202.227.0/25,DNO,,
31.202.228.128/25,DNO,,
31.202.231.0/25,DNO,,
31.202.232.128/26,DNO,,
31.202.233.128/25,DNO,,
31.202.234.0/25,DNO,,
31.202.236.0/25,DNO,,
31.202.236.128/26,DNO,,
31.202.237.0/24,DNO,,
31.202.242.128/25,DNO,,
31.202.243.128/25,DNO,,
31.202.244.128/25,DNO,,
31.202.245.128/25,DNO,,
31.202.247.0/24,DNO,,
31.202.248.0/24,DNO,,
31.202.249.128/25,DNO,,
31.202.250.0/25,DNO,,
31.202.250.224/27,DNO,,
31.202.251.0/24,DNO,,
37.52.10.0/24,DNO,,
37.52.49.0/24,DNO,,
37.54.28.0/22,DNO,,
37.54.50.0/26,DNO,,
37.54.50.64/28,DNO,,
37.54.50.80/29,DNO,,
37.54.50.96/27,DNO,,
37.54.50.128/25,DNO,,
37.54.51.0/24,DNO,,
37.54.197.0/24,DNO,,
37.55.4.0/24,DNO,,
37.55.8.0/21,DNO,,
37.55.208.0/24,DNO,,
37.55.210.0/23,DNO,,
37.55.212.0/22,DNO,,
37.55.222.0/23,DNO,,
37.57.154.0/23,DNO,,
37.115.8.0/24,DNO,,
37.115.9.0/24,DNO,,
37.115.10.0/24,DNO,,
37.115.11.0/24,DNO,,
37.115.56.0/24,DNO,,
37.115.57.0/24,DNO,,
37.115.240.0/22,DNO,,
37.115.244.0/22,DNO,,
37.115.255.0/24,DNO,,
37.143.90.0/23,DNO,,
45.9.28.0/24,DNO,,
46.8.37.0/24,DNO,,
46.98.244.0/25,DNO,,
46.98.244.128/30,DNO,,
46.98.244.132/31,DNO,,
46.98.244.135/32,DNO,,
46.98.244.136/29,DNO,,
46.98.244.144/28,DNO,,
46.98.244.160/27,DNO,,
46.98.244.192/26,DNO,,
46.119.34.0/23,DNO,,
46.133.114.192/26,DNO,,
46.150.96.0/21,DNO,,
46.150.104.0/24,DNO,,
46.150.105.0/25,DNO,,
46.150.105.128/26,DNO,,
46.150.105.192/27,DNO,,
46.150.105.224/30,DNO,,
46.150.105.228/31,DNO,,
46.150.105.230/32,DNO,,
46.150.105.231/32,DNO,,
46.150.105.232/29,DNO,,
46.150.105.240/28,DNO,,
46.150.106.0/23,DNO,,
46.150.108.0/22,DNO,,
46.150.112.0/20,DNO,,
46.160.64.0/25,DNO,,
46.160.65.128/25,DNO,,
46.160.68.0/25,DNO,,
46.160.70.0/25,DNO,,
46.160.71.128/25,DNO,,
46.160.73.128/25,DNO,,
46.160.76.128/25,DNO,,
46.160.77.128/25,DNO,,
46.160.78.0/25,DNO,,
46.160.80.0/25,DNO,,
46.160.81.0/25,DNO,,
46.160.83.128/25,DNO,,
46.160.85.0/24,DNO,,
46.160.96.128/25,DNO,,
46.160.97.0/25,DNO,,
46.160.102.0/24,DNO,,
46.160.104.0/26,DNO,,
46.160.104.128/25,DNO,,
46.160.105.0/24,DNO,,
46.160.106.128/26,DNO,,
46.160.108.0/24,DNO,,
46.160.115.0/25,DNO,,
46.160.118.0/25,DNO,,
46.160.119.0/24,DNO,,
46.160.120.128/25,DNO,,
46.160.121.128/25,DNO,,
46.160.122.0/25,DNO,,
46.160.123.0/24,DNO,,
46.160.124.0/25,DNO,,
46.160.125.128/25,DNO,,
46.162.6.0/25,DNO,,
46.162.10.0/24,DNO,,
46.162.18.0/25,DNO,,
46.162.26.128/25,DNO,,
46.162.34.0/25,DNO,,
46.162.38.128/25,DNO,,
46.172.76.0/24,DNO,,
46.172.80.0/24,DNO,,
46.172.82.0/24,DNO,,
46.172.83.64/27,DNO,,
46.172.83.144/28,DNO,,
46.172.83.160/27,DNO,,
46.172.83.192/26,DNO,,
46.172.86.0/24,DNO,,
46.172.87.0/24,DNO,,
46.172.93.0/24,DNO,,
46.172.94.0/24,DNO,,
46.174.64.0/23,DNO,,
46.174.66.0/24,DNO,,
46.174.67.0/24,DNO,,
46.174.68.0/22,DNO,,
46.185.48.0/23,DNO,,
46.185.50.0/23,DNO,,
46.185.52.0/22,DNO,,
46.200.176.0/24,DNO,,
46.201.24.0/24,DNO,,
46.203.8.0/21,DNO,,
46.203.40.0/21,DNO,,
46.250.25.128/25,DNO,,
62.122.56.0/23,DNO,,
62.122.58.0/23,DNO,,
62.122.60.0/22,DNO,,
62.182.64.0/23,DNO,,
62.182.68.0/22,DNO,,
77.52.178.0/25,DNO,,
77.52.178.128/28,DNO,,
77.52.178.160/27,DNO,,
77.52.178.192/29,DNO,,
77.52.178.200/30,DNO,,
77.52.178.204/31,DNO,,
77.52.178.208/28,DNO,,
77.52.178.224/27,DNO,,
77.52.182.0/24,DNO,,
77.120.172.0/24,DNO,,
77.120.173.0/25,DNO,,
77.121.224.0/24,DNO,,
77.121.225.0/24,DNO,,
77.121.226.0/24,DNO,,
77.121.227.0/24,DNO,,
77.121.228.0/23,DNO,,
77.121.230.0/23,DNO,,
77.121.232.0/22,DNO,,
77.121.236.0/23,DNO,,
77.121.238.0/24,DNO,,
77.121.239.0/25,DNO,,
77.121.239.128/25,DNO,,
77.121.240.0/24,DNO,,
77.121.241.0/25,DNO,,
77.121.241.128/25,DNO,,
77.121.242.0/25,DNO,,
77.121.242.128/25,DNO,,
77.121.243.0/24,DNO,,
77.121.245.0/24,DNO,,
77.121.246.0/24,DNO,,
77.121.247.0/24,DNO,,
77.121.248.0/23,DNO,,
77.121.250.0/24,DNO,,
77.121.251.0/24,DNO,,
77.121.252.0/23,DNO,,
77.121.254.0/24,DNO,,
77.121.255.0/24,DNO,,
78.31.180.0/22,DNO,,
78.154.164.0/26,DNO,,
78.154.164.108/30,DNO,,
78.154.171.208/28,DNO,,
81.22.130.128/25,DNO,,
81.22.131.128/25,DNO,,
81.22.132.0/25,DNO,,
81.22.134.0/25,DNO,,
81.22.136.0/24,DNO,,
81.22.137.128/25,DNO,,
81.22.139.0/25,DNO,,
81.22.140.128/25,DNO,,
81.22.141.128/25,DNO,,
81.163.88.0/23,DNO,,
81.163.90.0/23,DNO,,
81.163.92.0/22,DNO,,
81.163.152.0/21,DNO,,
83.218.235.0/25,DNO,,
83.218.235.128/26,DNO,,
83.242.97.0/24,DNO,,
83.242.100.0/23,DNO,,
85.223.192.0/20,DNO,,
87.76.224.0/20,DNO,,
87.76.240.0/24,DNO,,
87.76.241.0/24,DNO,,
87.76.242.0/23,DNO,,
87.76.244.0/23,DNO,,
87.76.246.0/23,DNO,,
87.76.248.0/22,DNO,,
87.76.252.0/23,DNO,,
87.76.254.0/23,DNO,,
88.81.237.160/27,DNO,,
89.185.1.0/25,DNO,,
89.185.2.0/23,DNO,,
89.185.4.0/25,DNO,,
89.185.4.128/25,DNO,,
89.185.5.0/24,DNO,,
89.185.7.0/26,DNO,,
89.185.8.0/22,DNO,,
89.185.12.0/24,DNO,,
89.185.13.0/24,DNO,,
89.185.14.0/25,DNO,,
89.185.14.128/25,DNO,,
89.185.15.0/24,DNO,,
89.185.16.0/24,DNO,,
89.185.17.128/25,DNO,,
89.185.18.0/23,DNO,,
89.185.20.0/24,DNO,,
89.185.21.0/24,DNO,,
89.185.22.0/24,DNO,,
89.185.23.0/24,DNO,,
89.185.27.128/25,DNO,,
89.185.30.0/24,DNO,,
91.124.153.0/24,DNO,,
91.124.210.0/23,DNO,,
91.193.78.0/23,DNO,,
91.193.252.0/22,DNO,,
91.195.2.128/25,DNO,,
91.195.3.0/25,DNO,,
91.196.60.0/24,DNO,,
91.196.61.0/25,DNO,,
91.196.62.0/25,DNO,,
91.197.236.0/25,DNO,,
91.199.37.0/24,DNO,,
91.201.176.0/23,DNO,,
91.201.178.0/23,DNO,,
91.202.9.0/24,DNO,,
91.202.11.0/24,DNO,,
91.202.161.32/29,DNO,,
91.202.161.40/30,DNO,,
91.202.161.112/29,DNO,,
91.204.112.0/24,DNO,,
91.204.113.0/24,DNO,,
91.204.114.0/25,DNO,,
91.204.114.128/25,DNO,,
91.204.115.0/24,DNO,,
91.204.196.42/31,DNO,,
91.204.196.48/28,DNO,,
91.204.199.0/24,DNO,,
91.207.218.0/24,DNO,,
91.207.219.0/24,DNO,,
91.211.16.0/32,DNO,,
91.211.212.0/25,DNO,,
91.211.212.128/25,DNO,,
91.211.213.0/25,DNO,,
91.211.213.128/25,DNO,,
91.211.214.0/23,DNO,,
91.214.48.0/22,DNO,,
91.214.80.0/24,DNO,,
91.216.22.0/24,DNO,,
91.216.61.0/24,DNO,,
91.217.100.0/24,DNO,,
91.217.101.0/25,DNO,,
91.217.101.192/26,DNO,,
91.217.244.0/24,DNO,,
91.218.32.0/22,DNO,,
91.219.140.0/22,DNO,,
91.220.230.192/26,DNO,,
91.221.6.0/23,DNO,,
91.221.133.0/24,DNO,,
91.221.136.0/24,DNO,,
91.221.137.0/24,DNO,,
91.221.252.136/32,DNO,,
91.222.220.0/23,DNO,,
91.222.222.0/23,DNO,,
91.222.244.0/22,DNO,,
91.223.136.0/24,DNO,,
91.224.16.0/25,DNO,,
91.224.16.128/27,DNO,,
91.224.16.160/27,DNO,,
91.224.16.192/26,DNO,,
91.224.17.208/29,DNO,,
91.224.68.128/26,DNO,,
91.224.68.192/29,DNO,,
91.224.68.208/28,DNO,,
91.224.68.224/28,DNO,,
91.226.58.0/24,DNO,,
91.226.59.0/29,DNO,,
91.226.59.8/30,DNO,,
91.226.59.12/30,DNO,,
91.226.59.16/28,DNO,,
91.226.59.32/27,DNO,,
91.226.59.64/28,DNO,,
91.226.59.80/29,DNO,,
91.226.59.88/29,DNO,,
91.226.59.96/28,DNO,,
91.226.59.112/28,DNO,,
91.226.138.0/24,DNO,,
91.226.190.0/24,DNO,,
91.226.191.0/24,DNO,,
91.229.128.0/23,DNO,,
91.229.216.0/23,DNO,,
91.229.218.0/24,DNO,,
91.229.219.0/24,DNO,,
91.235.196.128/25,DNO,,
91.235.197.0/25,DNO,,
91.235.198.0/24,DNO,,
91.235.199.128/25,DNO,,
91.237.0.0/22,DNO,,
91.237.108.0/22,DNO,,
91.237.164.0/24,DNO,,
91.240.190.0/24,DNO,,
91.240.191.0/24,DNO,,
91.241.186.0/24,DNO,,
91.241.192.0/22,DNO,,
91.241.196.0/24,DNO,,
91.241.197.0/24,DNO,,
91.241.198.0/23,DNO,,
91.241.200.0/21,DNO,,
91.241.208.0/23,DNO,,
91.241.210.0/23,DNO,,
91.241.212.0/22,DNO,,
91.241.216.0/21,DNO,,
91.241.224.0/22,DNO,,
91.241.228.0/23,DNO,,
91.241.230.0/23,DNO,,
91.241.232.0/23,DNO,,
91.241.236.0/23,DNO,,
91.241.238.0/24,DNO,,
91.241.239.0/24,DNO,,
91.241.240.0/21,DNO,,
91.241.248.0/23,DNO,,
91.241.250.0/23,DNO,,
91.241.252.0/22,DNO,,
91.242.222.128/25,DNO,,
91.244.24.128/25,DNO,,
91.244.156.0/23,DNO,,
91.246.129.128/25,DNO,,
91.246.132.128/25,DNO,,
91.246.133.0/24,DNO,,
91.246.137.0/25,DNO,,
91.246.141.0/25,DNO,,
91.246.144.128/25,DNO,,
91.246.145.0/25,DNO,,
91.246.152.128/26,DNO,,
91.246.153.128/25,DNO,,
91.246.156.0/25,DNO,,
91.246.157.128/25,DNO,,
91.246.158.128/25,DNO,,
91.246.159.0/25,DNO,,
91.246.159.128/25,DNO,,
91.250.0.0/24,DNO,,
91.250.1.0/25,DNO,,
91.250.2.0/25,DNO,,
91.250.3.0/24,DNO,,
91.250.4.0/24,DNO,,
91.250.5.0/25,DNO,,
91.250.6.67/32,DNO,,
91.250.7.0/25,DNO,,
91.250.10.0/24,DNO,,
91.250.11.0/24,DNO,,
91.250.12.128/25,DNO,,
91.250.13.64/26,DNO,,
91.250.13.128/25,DNO,,
91.250.16.0/25,DNO,,
91.250.18.128/25,DNO,,
91.250.21.0/25,DNO,,
91.250.22.0/25,DNO,,
91.250.23.0/25,DNO,,
91.250.24.128/25,DNO,,
91.250.26.128/25,DNO,,
91.250.27.128/25,DNO,,
91.250.29.0/25,DNO,,
91.250.30.0/24,DNO,,
91.250.33.128/25,DNO,,
91.250.35.0/25,DNO,,
91.250.37.0/25,DNO,,
91.250.38.0/25,DNO,,
91.250.39.0/25,DNO,,
91.250.40.128/25,DNO,,
91.250.41.0/25,DNO,,
91.250.42.0/24,DNO,,
91.250.47.0/24,DNO,,
91.250.50.0/25,DNO,,
91.250.53.0/25,DNO,,
91.250.54.0/24,DNO,,
91.250.56.0/25,DNO,,
91.250.57.128/25,DNO,,
91.250.60.0/25,DNO,,
91.250.61.16/28,DNO,,
91.250.61.64/26,DNO,,
91.250.61.128/25,DNO,,
91.250.62.0/25,DNO,,
92.38.40.0/24,DNO,,
92.38.48.0/22,DNO,,
92.38.93.0/24,DNO,,
92.42.40.0/22,DNO,,
92.112.184.0/23,DNO,,
92.113.120.0/23,DNO,,
92.113.122.0/23,DNO,,
92.113.222.128/25,DNO,,
92.113.223.0/24,DNO,,
92.242.98.128/25,DNO,,
92.242.99.0/24,DNO,,
92.242.100.0/22,DNO,,
92.242.108.0/23,DNO,,
92.242.112.0/24,DNO,,
92.242.120.0/23,DNO,,
92.242.122.0/24,DNO,,
92.242.123.0/24,DNO,,
92.242.124.0/22,DNO,,
93.76.118.0/23,DNO,,
93.76.255.0/25,DNO,,
93.76.255.128/26,DNO,,
93.89.208.0/22,DNO,,
93.89.212.0/22,DNO,,
93.89.216.0/22,DNO,,
93.89.220.0/23,DNO,,
93.89.222.0/23,DNO,,
93.95.186.0/24,DNO,,
93.157.8.0/24,DNO,,
93.157.10.0/24,DNO,,
93.157.13.0/24,DNO,,
93.157.14.0/24,DNO,,
93.170.26.0/24,DNO,,
93.170.48.0/23,DNO,,
93.170.75.0/24,DNO,,
93.170.135.0/24,DNO,,
93.170.140.138/32,DNO,,
93.170.219.0/24,DNO,,
93.171.178.0/23,DNO,,
93.171.232.0/22,DNO,,
93.185.208.128/25,DNO,,
93.185.209.0/25,DNO,,
93.185.210.128/25,DNO,,
93.185.213.128/25,DNO,,
93.185.216.0/23,DNO,,
93.185.218.0/23,DNO,,
93.185.220.0/24,DNO,,
93.185.221.0/24,DNO,,
93.185.222.0/23,DNO,,
94.153.244.0/22,DNO,,
94.178.20.0/24,DNO,,
94.179.232.0/25,DNO,,
95.46.126.0/24,DNO,,
95.46.160.0/22,DNO,,
95.46.168.0/22,DNO,,
95.46.172.61/32,DNO,,
95.47.100.0/23,DNO,,
95.47.104.0/22,DNO,,
95.47.124.0/22,DNO,,
95.47.144.0/24,DNO,,
95.47.204.0/22,DNO,,
95.47.255.0/24,DNO,,
95.69.152.0/23,DNO,,
95.69.154.0/25,DNO,,
95.69.154.128/25,DNO,,
95.69.155.0/24,DNO,,
95.135.248.0/22,DNO,,
95.135.252.0/23,DNO,,
95.135.254.0/23,DNO,,
104.28.51.246/31,DNO,,
104.28.52.1/32,DNO,,
104.28.52.2/32,DNO,,
104.28.81.41/32,DNO,,
104.28.81.42/32,DNO,,
104.28.81.51/32,DNO,,
104.28.81.52/32,DNO,,
104.28.107.0/31,DNO,,
104.28.107.12/31,DNO,,
104.28.130.171/32,DNO,,
104.28.130.172/32,DNO,,
104.28.130.181/32,DNO,,
104.28.130.182/32,DNO,,
104.28.131.175/32,DNO,,
104.28.131.176/32,DNO,,
104.28.131.187/32,DNO,,
104.28.131.188/32,DNO,,
104.28.201.97/32,DNO,,
104.28.201.98/31,DNO,,
104.28.201.100/30,DNO,,
104.28.221.146/31,DNO,,
104.28.221.148/30,DNO,,
104.28.221.152/32,DNO,,
104.28.233.97/32,DNO,,
104.28.233.98/31,DNO,,
104.28.233.100/30,DNO,,
104.28.253.146/31,DNO,,
104.28.253.148/30,DNO,,
104.28.253.152/32,DNO,,
109.72.112.0/21,DNO,,
109.72.124.0/24,DNO,,
109.72.125.192/26,DNO,,
109.75.192.0/23,DNO,,
109.75.194.0/23,DNO,,
109.75.196.0/23,DNO,,
109.75.198.0/24,DNO,,
109.75.200.0/23,DNO,,
109.75.202.0/23,DNO,,
109.75.205.0/24,DNO,,
109.75.206.0/23,DNO,,
109.162.68.0/24,DNO,,
109.162.105.0/24,DNO,,
109.162.106.0/23,DNO,,
109.162.108.0/22,DNO,,
109.248.213.0/24,DNO,,
109.254.0.0/19,DNO,,
109.254.32.0/20,DNO,,
109.254.48.0/21,DNO,,
109.254.56.0/21,DNO,,
109.254.64.0/21,DNO,,
109.254.72.0/21,DNO,,
109.254.80.0/20,DNO,,
109.254.96.0/19,DNO,,
109.254.128.0/17,DNO,,
134.249.108.0/23,DNO,,
134.249.182.0/23,DNO,,
134.249.192.0/22,DNO,,
134.249.198.0/23,DNO,,
134.249.207.0/24,DNO,,
141.98.148.0/22,DNO,,
141.105.129.0/24,DNO,,
141.105.139.0/24,DNO,,
141.150.129.0/24,DNO,,
146.120.95.0/25,DNO,,
146.120.95.128/25,DNO,,
146.120.180.0/22,DNO,,
146.120.243.0/24,DNO,,
146.158.31.0/24,DNO,,
151.0.0.0/22,DNO,,
151.0.4.0/23,DNO,,
151.0.7.0/24,DNO,,
151.0.8.0/23,DNO,,
151.0.12.0/22,DNO,,
151.0.16.0/20,DNO,,
151.0.32.0/21,DNO,,
151.0.40.0/22,DNO,,
151.0.44.0/22,DNO,,
151.0.52.0/23,DNO,,
151.0.54.0/24,DNO,,
151.0.55.0/25,DNO,,
151.0.55.128/26,DNO,,
151.0.55.192/29,DNO,,
151.0.55.200/31,DNO,,
151.0.55.202/32,DNO,,
151.0.55.204/30,DNO,,
151.0.55.208/28,DNO,,
151.0.55.224/27,DNO,,
151.0.56.0/21,DNO,,
151.249.96.0/25,DNO,,
151.249.98.0/25,DNO,,
151.249.99.0/24,DNO,,
151.249.102.0/25,DNO,,
156.120.95.224/27,DNO,,
176.8.31.0/25,DNO,,
176.8.32.0/23,DNO,,
176.8.184.0/21,DNO,,
176.100.56.0/24,DNO,,
176.100.57.0/24,DNO,,
176.100.58.0/23,DNO,,
176.100.62.0/24,DNO,,
176.100.63.0/24,DNO,,
176.101.96.0/19,DNO,,
176.101.192.0/19,DNO,,
176.102.1.0/24,DNO,,
176.102.2.0/24,DNO,,
176.102.3.0/24,DNO,,
176.102.4.0/23,DNO,,
176.102.6.0/24,DNO,,
176.102.7.0/24,DNO,,
176.102.8.0/24,DNO,,
176.102.9.0/24,DNO,,
176.102.10.0/24,DNO,,
176.102.12.0/22,DNO,,
176.102.16.0/23,DNO,,
176.102.18.0/24,DNO,,
176.102.20.0/24,DNO,,
176.102.21.0/24,DNO,,
176.102.22.0/24,DNO,,
176.102.24.0/23,DNO,,
176.102.26.0/23,DNO,,
176.102.28.0/23,DNO,,
176.102.30.0/24,DNO,,
176.102.31.0/24,DNO,,
176.102.58.0/24,DNO,,
176.103.208.0/23,DNO,,
176.103.210.0/24,DNO,,
176.103.211.0/24,DNO,,
176.103.212.0/23,DNO,,
176.103.214.0/24,DNO,,
176.104.168.0/24,DNO,,
176.104.169.0/27,DNO,,
176.104.169.32/27,DNO,,
176.104.169.64/26,DNO,,
176.104.169.128/25,DNO,,
176.104.172.0/23,DNO,,
176.104.174.0/23,DNO,,
176.107.48.0/24,DNO,,
176.107.49.0/24,DNO,,
176.107.50.0/24,DNO,,
176.107.51.128/25,DNO,,
176.107.52.0/24,DNO,,
176.107.53.0/24,DNO,,
176.107.54.0/25,DNO,,
176.107.54.128/25,DNO,,
176.107.55.0/24,DNO,,
176.107.56.0/24,DNO,,
176.107.57.0/24,DNO,,
176.107.58.0/24,DNO,,
176.107.59.0/24,DNO,,
176.107.60.0/24,DNO,,
176.107.61.0/24,DNO,,
176.107.62.0/24,DNO,,
176.107.63.0/24,DNO,,
176.109.193.0/25,DNO,,
176.111.32.0/20,DNO,,
176.117.84.192/26,DNO,,
176.121.192.0/25,DNO,,
176.121.192.128/25,DNO,,
176.121.193.0/24,DNO,,
176.121.194.0/25,DNO,,
176.121.194.128/25,DNO,,
176.121.195.0/24,DNO,,
176.121.196.0/27,DNO,,
176.121.196.32/27,DNO,,
176.121.196.64/26,DNO,,
176.121.196.128/25,DNO,,
176.121.197.0/24,DNO,,
176.121.198.0/24,DNO,,
176.121.199.0/25,DNO,,
176.121.200.0/23,DNO,,
176.121.202.0/24,DNO,,
176.121.203.0/25,DNO,,
176.121.204.0/24,DNO,,
176.121.205.0/24,DNO,,
176.121.206.0/26,DNO,,
176.121.206.64/26,DNO,,
176.121.206.128/25,DNO,,
176.121.207.0/24,DNO,,
176.121.224.0/23,DNO,,
176.121.227.0/24,DNO,,
176.121.228.0/23,DNO,,
176.121.230.0/24,DNO,,
176.121.231.0/24,DNO,,
176.121.232.0/23,DNO,,
176.121.236.0/25,DNO,,
176.121.237.0/24,DNO,,
176.121.238.0/23,DNO,,
176.121.240.0/24,DNO,,
176.121.241.0/24,DNO,,
176.121.242.0/23,DNO,,
176.121.244.0/30,DNO,,
176.121.244.4/31,DNO,,
176.121.244.6/31,DNO,,
176.121.244.8/29,DNO,,
176.121.244.16/28,DNO,,
176.121.244.32/27,DNO,,
176.121.244.64/26,DNO,,
176.121.244.128/25,DNO,,
176.121.245.0/24,DNO,,
176.121.246.0/23,DNO,,
176.121.248.0/23,DNO,,
176.121.250.0/24,DNO,,
176.121.251.0/24,DNO,,
176.121.252.0/25,DNO,,
176.121.252.128/25,DNO,,
176.121.253.0/24,DNO,,
176.121.254.0/24,DNO,,
176.121.255.0/24,DNO,,
176.122.0.0/20,DNO,,
176.122.108.128/25,DNO,,
176.124.0.1/32,DNO,,
176.124.0.2/31,DNO,,
176.124.0.4/30,DNO,,
176.124.0.8/29,DNO,,
176.124.0.16/28,DNO,,
176.124.0.32/27,DNO,,
176.124.0.64/26,DNO,,
176.124.0.128/25,DNO,,
176.124.1.0/24,DNO,,
176.124.2.0/23,DNO,,
176.124.4.0/22,DNO,,
176.124.8.0/21,DNO,,
176.124.16.0/20,DNO,,
178.92.24.0/23,DNO,,
178.92.26.0/24,DNO,,
178.92.60.0/24,DNO,,
178.92.62.0/23,DNO,,
178.92.94.0/25,DNO,,
178.92.232.0/21,DNO,,
178.93.143.0/25,DNO,,
178.93.153.0/24,DNO,,
178.93.196.0/22,DNO,,
178.93.204.0/23,DNO,,
178.93.206.0/24,DNO,,
178.93.207.0/24,DNO,,
178.94.143.0/24,DNO,,
178.94.184.0/24,DNO,,
178.95.199.0/24,DNO,,
178.151.164.128/25,DNO,,
178.158.128.0/21,DNO,,
178.158.136.0/22,DNO,,
178.158.140.0/22,DNO,,
178.158.144.0/23,DNO,,
178.158.148.0/22,DNO,,
178.158.152.0/23,DNO,,
178.158.154.0/23,DNO,,
178.158.156.0/23,DNO,,
178.158.158.0/24,DNO,,
178.158.159.0/24,DNO,,
178.158.160.0/21,DNO,,
178.158.168.0/21,DNO,,
178.158.178.0/23,DNO,,
178.158.180.0/22,DNO,,
178.158.184.0/22,DNO,,
178.158.188.0/22,DNO,,
178.209.64.0/25,DNO,,
178.209.66.0/25,DNO,,
178.209.66.128/26,DNO,,
178.209.67.0/24,DNO,,
178.209.70.0/24,DNO,,
178.209.88.0/23,DNO,,
178.209.92.0/23,DNO,,
178.213.104.0/25,DNO,,
178.213.106.0/23,DNO,,
178.216.120.0/21,DNO,,
178.217.160.0/22,DNO,,
178.217.165.0/24,DNO,,
178.217.166.0/23,DNO,,
178.217.204.0/23,DNO,,
185.19.245.0/24,DNO,,
185.19.246.0/23,DNO,,
185.22.16.128/25,DNO,,
185.22.17.128/25,DNO,,
185.22.18.0/25,DNO,,
185.22.19.0/25,DNO,,
185.29.252.0/26,DNO,,
185.29.252.64/26,DNO,,
185.29.252.128/25,DNO,,
185.29.253.0/24,DNO,,
185.29.254.0/25,DNO,,
185.29.254.128/27,DNO,,
185.29.254.160/29,DNO,,
185.29.254.168/29,DNO,,
185.29.254.176/28,DNO,,
185.29.254.192/26,DNO,,
185.29.255.0/25,DNO,,
185.30.203.0/24,DNO,,
185.41.20.0/24,DNO,,
185.41.23.228/32,DNO,,
185.42.40.0/22,DNO,,
185.70.128.0/23,DNO,,
185.93.184.0/27,DNO,,
185.93.184.32/28,DNO,,
185.93.184.48/28,DNO,,
185.93.184.64/26,DNO,,
185.114.136.0/24,DNO,,
185.114.137.0/25,DNO,,
185.114.137.128/25,DNO,,
185.114.138.0/23,DNO,,
185.121.108.0/23,DNO,,
185.126.253.0/24,DNO,,
185.174.145.0/24,DNO,,
185.174.146.0/23,DNO,,
185.181.166.0/24,DNO,,
185.200.63.0/24,DNO,,
185.212.250.128/25,DNO,,
185.232.108.0/24,DNO,,
185.232.109.0/24,DNO,,
185.232.110.0/24,DNO,,
185.232.111.0/24,DNO,,
185.243.156.203/32,DNO,,
185.243.157.189/32,DNO,,
185.243.158.166/32,DNO,,
185.253.40.0/25,DNO,,
185.253.40.128/27,DNO,,
185.253.40.160/28,DNO,,
185.253.40.176/32,DNO,,
185.253.40.177/32,DNO,,
185.253.40.178/31,DNO,,
185.253.40.180/30,DNO,,
185.253.40.184/29,DNO,,
185.253.40.192/26,DNO,,
185.253.41.0/24,DNO,,
185.253.42.64/27,DNO,,
185.253.42.128/25,DNO,,
185.253.43.0/24,DNO,,
188.0.109.0/25,DNO,,
188.163.48.0/26,DNO,,
188.163.48.72/29,DNO,,
188.163.48.80/28,DNO,,
188.163.48.96/29,DNO,,
188.163.48.104/29,DNO,,
188.163.48.112/28,DNO,,
188.163.48.128/25,DNO,,
188.163.56.144/28,DNO,,
188.163.57.0/24,DNO,,
188.163.59.128/25,DNO,,
188.163.60.0/29,DNO,,
188.163.89.160/27,DNO,,
188.163.91.0/24,DNO,,
188.163.92.0/23,DNO,,
188.163.95.152/29,DNO,,
188.163.176.0/23,DNO,,
188.163.224.0/21,DNO,,
188.190.0.0/21,DNO,,
188.190.8.0/23,DNO,,
188.190.10.0/23,DNO,,
188.190.12.0/24,DNO,,
188.190.13.0/24,DNO,,
188.190.14.0/23,DNO,,
188.190.16.0/23,DNO,,
188.190.18.0/24,DNO,,
188.190.19.0/24,DNO,,
188.190.20.0/23,DNO,,
188.190.22.0/24,DNO,,
188.190.23.0/24,DNO,,
188.190.24.0/24,DNO,,
188.190.25.0/24,DNO,,
188.190.26.0/24,DNO,,
188.190.27.0/24,DNO,,
188.190.28.0/24,DNO,,
188.190.29.0/24,DNO,,
188.190.30.0/24,DNO,,
188.190.31.0/27,DNO,,
188.190.31.32/29,DNO,,
188.190.31.40/29,DNO,,
188.190.31.48/28,DNO,,
188.190.31.64/26,DNO,,
188.190.31.128/25,DNO,,
188.239.192.0/26,DNO,,
188.239.194.128/26,DNO,,
188.239.196.0/23,DNO,,
188.239.198.0/27,DNO,,
188.239.198.32/28,DNO,,
188.239.198.48/29,DNO,,
188.239.198.56/31,DNO,,
188.239.198.58/31,DNO,,
188.239.198.60/30,DNO,,
188.239.198.64/26,DNO,,
188.239.198.128/25,DNO,,
188.239.199.0/24,DNO,,
188.239.208.0/21,DNO,,
188.239.216.0/23,DNO,,
188.239.218.0/24,DNO,,
188.239.219.0/26,DNO,,
188.239.219.64/27,DNO,,
188.239.219.96/28,DNO,,
188.239.219.112/29,DNO,,
188.239.219.120/30,DNO,,
188.239.219.124/30,DNO,,
188.239.219.128/25,DNO,,
188.239.220.0/24,DNO,,
188.239.221.0/24,DNO,,
188.239.223.0/24,DNO,,
188.239.224.0/25,DNO,,
188.239.224.128/25,DNO,,
188.239.225.0/24,DNO,,
188.239.226.0/24,DNO,,
188.239.227.0/25,DNO,,
188.239.228.0/25,DNO,,
188.239.228.128/25,DNO,,
188.239.229.128/25,DNO,,
188.239.230.0/24,DNO,,
188.239.231.0/24,DNO,,
188.239.232.0/24,DNO,,
188.239.234.0/24,DNO,,
188.239.235.0/25,DNO,,
188.239.235.128/25,DNO,,
188.239.236.0/24,DNO,,
188.239.237.0/25,DNO,,
188.239.237.128/25,DNO,,
188.239.238.0/24,DNO,,
188.239.239.0/26,DNO,,
188.239.239.64/26,DNO,,
188.239.239.128/25,DNO,,
188.239.240.0/24,DNO,,
188.239.241.128/25,DNO,,
188.239.243.0/26,DNO,,
188.239.243.64/26,DNO,,
188.239.243.128/25,DNO,,
188.239.244.128/25,DNO,,
188.239.245.0/25,DNO,,
188.239.245.128/25,DNO,,
188.239.246.0/23,DNO,,
188.239.248.0/24,DNO,,
188.239.249.0/24,DNO,,
188.239.250.0/24,DNO,,
188.239.251.0/24,DNO,,
188.239.252.0/24,DNO,,
188.239.253.0/25,DNO,,
188.239.253.128/25,DNO,,
188.239.254.0/23,DNO,,
192.166.102.0/23,DNO,,
193.23.58.0/24,DNO,,
193.30.246.0/23,DNO,,
193.32.12.0/24,DNO,,
193.32.13.0/25,DNO,,
193.32.14.0/25,DNO,,
193.32.15.0/25,DNO,,
193.39.72.0/24,DNO,,
193.43.255.0/25,DNO,,
193.46.210.0/24,DNO,,
193.57.44.0/24,DNO,,
193.106.64.32/27,DNO,,
193.106.65.0/24,DNO,,
193.106.66.0/26,DNO,,
193.106.66.64/26,DNO,,
193.106.66.128/25,DNO,,
193.106.200.0/23,DNO,,
193.106.220.128/25,DNO,,
193.106.223.128/25,DNO,,
193.107.80.0/22,DNO,,
193.108.38.0/23,DNO,,
193.109.160.0/23,DNO,,
193.110.72.0/23,DNO,,
193.110.74.0/23,DNO,,
193.110.112.0/23,DNO,,
193.110.114.0/24,DNO,,
193.110.115.0/24,DNO,,
193.142.114.0/24,DNO,,
193.169.134.0/23,DNO,,
193.227.250.0/23,DNO,,
193.228.2.0/24,DNO,,
193.238.72.0/23,DNO,,
193.238.74.0/24,DNO,,
193.242.156.0/24,DNO,,
193.242.157.0/24,DNO,,
193.242.158.0/23,DNO,,
194.28.17.128/25,DNO,,
194.28.60.0/23,DNO,,
194.28.62.0/24,DNO,,
194.145.216.0/24,DNO,,
194.145.217.0/24,DNO,,
194.187.28.0/24,DNO,,
194.242.97.0/24,DNO,,
194.247.178.0/24,DNO,,
194.247.179.0/24,DNO,,
195.18.12.0/23,DNO,,
195.39.210.0/25,DNO,,
195.39.210.128/26,DNO,,
195.39.210.192/28,DNO,,
195.39.210.208/29,DNO,,
195.39.210.216/30,DNO,,
195.39.210.220/31,DNO,,
195.39.210.222/32,DNO,,
195.39.210.223/32,DNO,,
195.39.210.224/27,DNO,,
195.39.211.0/24,DNO,,
195.58.224.0/23,DNO,,
195.58.226.0/23,DNO,,
195.58.228.0/23,DNO,,
195.58.230.0/24,DNO,,
195.58.231.0/24,DNO,,
195.58.232.0/27,DNO,,
195.58.232.32/28,DNO,,
195.58.232.48/30,DNO,,
195.58.232.52/31,DNO,,
195.58.232.54/32,DNO,,
195.58.232.55/32,DNO,,
195.58.232.56/29,DNO,,
195.58.232.64/26,DNO,,
195.58.232.128/25,DNO,,
195.58.233.0/24,DNO,,
195.58.234.0/23,DNO,,
195.58.236.0/22,DNO,,
195.58.240.0/22,DNO,,
195.58.244.0/24,DNO,,
195.58.245.0/24,DNO,,
195.58.246.0/23,DNO,,
195.69.248.0/24,DNO,,
195.69.249.128/25,DNO,,
195.69.250.0/24,DNO,,
195.69.251.0/24,DNO,,
195.72.158.128/25,DNO,,
195.78.96.0/23,DNO,,
195.78.101.216/29,DNO,,
195.78.101.224/27,DNO,,
195.177.208.0/23,DNO,,
195.178.30.0/23,DNO,,
195.184.192.0/21,DNO,,
195.184.200.0/22,DNO,,
195.184.210.0/23,DNO,,
195.184.214.0/26,DNO,,
195.184.216.96/30,DNO,,
195.184.216.101/32,DNO,,
195.184.216.102/31,DNO,,
195.184.216.104/29,DNO,,
195.184.218.0/24,DNO,,
195.191.195.0/24,DNO,,
195.211.252.0/25,DNO,,
195.211.253.0/25,DNO,,
195.216.210.0/23,DNO,,
195.238.112.0/23,DNO,,
195.238.115.0/24,DNO,,
195.244.4.0/23,DNO,,
212.66.36.0/25,DNO,,
212.66.38.0/23,DNO,,
212.66.48.0/23,DNO,,
212.66.50.0/24,DNO,,
212.66.51.0/24,DNO,,
212.66.52.0/22,DNO,,
212.66.60.0/23,DNO,,
212.79.123.0/24,DNO,,
212.79.124.0/24,DNO,,
212.79.126.0/24,DNO,,
212.87.164.239/32,DNO,,
212.87.173.0/24,DNO,,
212.87.176.0/22,DNO,,
213.108.176.0/22,DNO,,
213.108.180.0/23,DNO,,
213.108.182.0/24,DNO,,
213.108.183.0/27,DNO,,
213.108.183.32/28,DNO,,
213.108.183.48/29,DNO,,
213.108.183.56/30,DNO,,
213.108.183.60/30,DNO,,
213.108.183.64/26,DNO,,
213.108.183.128/25,DNO,,
213.251.200.0/21,DNO,,
217.64.144.0/22,DNO,,
217.199.224.0/23,DNO,,
217.199.226.0/23,DNO,,
217.199.228.0/23,DNO,,
217.199.230.0/24,DNO,,
217.199.231.0/24,DNO,,
217.199.232.0/24,DNO,,
217.199.233.0/24,DNO,,
217.199.234.0/23,DNO,,
217.199.236.0/23,DNO,,
217.199.238.0/23,DNO,,
2405:b500:7500:40::/64,DNO,,
2405:b500:7500:60::/64,DNO,,
2405:b500:7520:40::/64,DNO,,
2405:b500:7520:60::/64,DNO,,
2405:b500:7540:40::/64,DNO,,
2405:b500:7540:60::/64,DNO,,
2405:b500:7560:40::/64,DNO,,
2405:b500:7560:60::/64,DNO,,
2606:54c0:7500:40::/64,DNO,,
2606:54c0:7500:60::/64,DNO,,
2606:54c0:7520:40::/64,DNO,,
2606:54c0:7520:60::/64,DNO,,
2606:54c0:7540:40::/64,DNO,,
2606:54c0:7540:60::/64,DNO,,
2606:54c0:7560:40::/64,DNO,,
2606:54c0:7560:60::/64,DNO,,
2a02:26f7:b6c0:4e19::/64,DNO,,
2a02:26f7:b6c0:4e1b::/64,DNO,,
2a02:26f7:b6c0:4e1f::/64,DNO,,
2a02:26f7:b6c0:4e23::/64,DNO,,
2a02:26f7:b6c0:4e2a::/64,DNO,,
2a02:26f7:b6c0:4e30::/64,DNO,,
2a02:26f7:b6c0:4e31::/64,DNO,,
2a02:26f7:b6c0:4e36::/64,DNO,,
2a02:26f7:b6c0:4e3e::/64,DNO,,
2a02:26f7:b6c0:dd0e::/64,DNO,,
2a02:26f7:b6c0:dd12::/64,DNO,,
2a02:26f7:b6c0:dd1b::/64,DNO,,
2a02:26f7:b6c4:4e19::/64,DNO,,
2a02:26f7:b6c4:4e1b::/64,DNO,,
2a02:26f7:b6c4:4e1f::/64,DNO,,
2a02:26f7:b6c4:4e23::/64,DNO,,
2a02:26f7:b6c4:4e2a::/64,DNO,,
2a02:26f7:b6c4:4e30::/64,DNO,,
2a02:26f7:b6c4:4e31::/64,DNO,,
2a02:26f7:b6c4:4e36::/64,DNO,,
2a02:26f7:b6c4:4e3e::/64,DNO,,
2a02:26f7:b6c4:dd0e::/64,DNO,,
2a02:26f7:b6c4:dd12::/64,DNO,,
2a02:26f7:b6c4:dd1b::/64,DNO,,
2a02:26f7:b6c8:4e19::/64,DNO,,
2a02:26f7:b6c8:4e1b::/64,DNO,,
2a02:26f7:b6c8:4e1f::/64,DNO,,
2a02:26f7:b6c8:4e23::/64,DNO,,
2a02:26f7:b6c8:4e2a::/64,DNO,,
2a02:26f7:b6c8:4e30::/64,DNO,,
2a02:26f7:b6c8:4e31::/64,DNO,,
2a02:26f7:b6c8:4e36::/64,DNO,,
2a02:26f7:b6c8:4e3e::/64,DNO,,
2a02:26f7:b6c8:dd0e::/64,DNO,,
2a02:26f7:b6c8:dd12::/64,DNO,,
2a02:26f7:b6c8:dd1b::/64,DNO,,
2a02:26f7:b6cc:4e19::/64,DNO,,
2a02:26f7:b6cc:4e1b::/64,DNO,,
2a02:26f7:b6cc:4e1f::/64,DNO,,
2a02:26f7:b6cc:4e23::/64,DNO,,
2a02:26f7:b6cc:4e2a::/64,DNO,,
2a02:26f7:b6cc:4e30::/64,DNO,,
2a02:26f7:b6cc:4e31::/64,DNO,,
2a02:26f7:b6cc:4e36::/64,DNO,,
2a02:26f7:b6cc:4e3e::/64,DNO,,
2a02:26f7:b6cc:dd0e::/64,DNO,,
2a02:26f7:b6cc:dd12::/64,DNO,,
2a02:26f7:b6cc:dd1b::/64,DNO,,
2a09:be46:d900::/41,DNO,,
2a12:49c0:d900::/41,DNO,,
2a12:49c4:1b20::/44,DNO,,
5.102.36.0/24,LHO,,
5.102.37.0/25,LHO,,
31.6.102.0/24,LHO,,
31.128.96.0/19,LHO,,
31.133.64.0/20,LHO,,
31.170.132.0/24,LHO,,
37.52.52.248/29,LHO,,
37.143.88.0/24,LHO,,
37.143.89.0/24,LHO,,
37.143.92.0/23,LHO,,
37.143.94.0/24,LHO,,
37.143.95.0/24,LHO,,
45.10.32.0/22,LHO,,
46.133.3.0/28,LHO,,
46.151.40.0/25,LHO,,
46.151.40.128/26,LHO,,
46.151.40.192/29,LHO,,
46.151.40.200/30,LHO,,
46.151.40.204/31,LHO,,
46.151.40.206/32,LHO,,
46.151.40.207/32,LHO,,
46.151.40.208/28,LHO,,
46.151.40.224/27,LHO,,
46.151.41.0/24,LHO,,
46.151.42.0/23,LHO,,
46.151.44.0/24,LHO,,
46.151.46.0/23,LHO,,
46.201.30.0/24,LHO,,
46.201.188.0/24,LHO,,
46.250.96.0/25,LHO,,
46.250.97.128/25,LHO,,
46.250.98.0/24,LHO,,
46.250.99.0/24,LHO,,
46.250.100.0/25,LHO,,
46.250.101.128/27,LHO,,
46.250.101.192/26,LHO,,
46.250.102.0/25,LHO,,
46.250.107.0/24,LHO,,
46.250.108.0/25,LHO,,
46.250.109.128/25,LHO,,
46.250.110.0/24,LHO,,
46.250.114.0/24,LHO,,
46.250.115.0/25,LHO,,
46.250.117.64/26,LHO,,
46.250.118.128/25,LHO,,
46.250.120.0/25,LHO,,
46.250.122.128/25,LHO,,
46.250.124.0/24,LHO,,
46.250.125.0/25,LHO,,
77.87.32.0/25,LHO,,
77.87.36.0/25,LHO,,
77.87.37.0/25,LHO,,
88.155.140.128/25,LHO,,
91.124.228.0/24,LHO,,
91.193.205.128/25,LHO,,
91.193.206.0/25,LHO,,
91.193.207.0/25,LHO,,
91.196.88.0/22,LHO,,
91.201.108.0/24,LHO,,
91.202.161.0/27,LHO,,
91.202.161.52/30,LHO,,
91.202.161.64/27,LHO,,
91.202.161.98/32,LHO,,
91.202.161.104/29,LHO,,
91.202.161.120/30,LHO,,
91.202.161.128/25,LHO,,
91.202.163.128/25,LHO,,
91.207.26.0/24,LHO,,
91.207.27.0/24,LHO,,
91.211.172.0/24,LHO,,
91.211.173.0/24,LHO,,
91.211.174.0/24,LHO,,
91.211.175.0/25,LHO,,
91.211.175.128/25,LHO,,
91.213.209.0/25,LHO,,
91.214.81.0/24,LHO,,
91.214.82.0/24,LHO,,
91.214.83.0/24,LHO,,
91.217.4.0/24,LHO,,
91.217.5.0/26,LHO,,
91.217.5.64/28,LHO,,
91.217.5.80/29,LHO,,
91.217.5.96/27,LHO,,
91.217.5.128/25,LHO,,
91.218.16.0/25,LHO,,
91.218.17.0/24,LHO,,
91.218.18.0/24,LHO,,
91.218.19.0/24,LHO,,
91.219.32.0/24,LHO,,
91.219.33.0/24,LHO,,
91.219.34.0/24,LHO,,
91.219.35.0/24,LHO,,
91.221.132.0/24,LHO,,
91.221.190.0/23,LHO,,
91.222.0.0/22,LHO,,
91.224.254.0/24,LHO,,
91.225.90.0/23,LHO,,
91.226.139.0/24,LHO,,
91.229.204.0/22,LHO,,
91.230.28.0/22,LHO,,
91.232.157.0/25,LHO,,
91.232.157.128/26,LHO,,
91.232.157.192/27,LHO,,
91.232.157.224/29,LHO,,
91.232.157.232/31,LHO,,
91.232.157.234/32,LHO,,
91.232.157.235/32,LHO,,
91.232.157.236/30,LHO,,
91.232.157.240/28,LHO,,
91.234.88.0/22,LHO,,
91.241.160.0/23,LHO,,
91.241.162.0/24,LHO,,
91.241.163.0/24,LHO,,
91.241.184.0/25,LHO,,
91.241.185.0/25,LHO,,
91.241.187.0/25,LHO,,
91.241.189.128/25,LHO,,
91.242.208.0/22,LHO,,
91.244.128.0/24,LHO,,
91.244.129.0/24,LHO,,
91.244.130.0/23,LHO,,
91.244.132.0/24,LHO,,
91.244.134.0/23,LHO,,
91.244.136.0/24,LHO,,
91.244.137.0/25,LHO,,
91.244.137.128/25,LHO,,
91.244.138.0/23,LHO,,
91.244.140.0/22,LHO,,
91.244.144.128/25,LHO,,
91.244.145.0/24,LHO,,
91.244.146.0/23,LHO,,
91.244.148.0/22,LHO,,
92.112.1.0/24,LHO,,
92.118.132.0/24,LHO,,
93.157.12.0/24,LHO,,
93.157.15.0/24,LHO,,
93.170.15.0/24,LHO,,
94.158.32.0/22,LHO,,
94.158.36.0/22,LHO,,
95.47.96.0/24,LHO,,
95.47.98.0/24,LHO,,
95.132.148.0/23,LHO,,
95.215.48.0/24,LHO,,
95.215.49.0/24,LHO,,
95.215.50.0/24,LHO,,
95.215.51.0/24,LHO,,
109.87.65.64/26,LHO,,
109.87.65.128/25,LHO,,
134.249.200.0/24,LHO,,
146.120.124.0/24,LHO,,
146.120.125.0/24,LHO,,
146.120.126.0/24,LHO,,
146.120.127.0/24,LHO,,
146.120.215.0/24,LHO,,
146.158.74.0/23,LHO,,
176.8.45.0/25,LHO,,
176.8.45.128/25,LHO,,
176.96.240.0/24,LHO,,
176.109.176.0/21,LHO,,
176.109.184.0/22,LHO,,
176.109.188.0/24,LHO,,
176.109.190.0/23,LHO,,
176.109.200.0/24,LHO,,
176.109.201.0/24,LHO,,
176.109.202.128/25,LHO,,
176.109.203.0/28,LHO,,
176.109.203.64/26,LHO,,
176.109.203.160/27,LHO,,
176.109.203.192/27,LHO,,
176.109.203.224/28,LHO,,
176.109.218.0/24,LHO,,
176.109.219.32/27,LHO,,
176.109.219.64/26,LHO,,
176.109.219.128/25,LHO,,
176.109.222.0/24,LHO,,
176.109.223.0/25,LHO,,
176.109.224.0/22,LHO,,
176.109.228.0/24,LHO,,
176.109.230.0/24,LHO,,
176.109.231.0/24,LHO,,
176.109.232.0/24,LHO,,
176.109.233.0/25,LHO,,
176.109.233.128/28,LHO,,
176.109.233.144/29,LHO,,
176.109.233.152/29,LHO,,
176.109.233.160/27,LHO,,
176.109.233.192/27,LHO,,
176.109.233.224/28,LHO,,
176.109.233.240/28,LHO,,
176.109.234.0/23,LHO,,
176.109.236.0/25,LHO,,
176.109.236.128/26,LHO,,
176.109.236.192/26,LHO,,
176.109.237.0/24,LHO,,
176.109.238.0/24,LHO,,
176.109.239.0/25,LHO,,
176.109.239.128/27,LHO,,
176.109.239.192/26,LHO,,
176.109.240.0/24,LHO,,
176.109.241.0/24,LHO,,
176.109.242.0/23,LHO,,
176.109.244.0/23,LHO,,
176.109.246.0/24,LHO,,
176.109.247.0/24,LHO,,
176.109.248.0/23,LHO,,
176.109.251.0/24,LHO,,
176.109.252.0/23,LHO,,
176.109.254.0/23,LHO,,
176.110.1.0/25,LHO,,
176.110.1.160/27,LHO,,
176.110.2.0/24,LHO,,
176.110.3.64/28,LHO,,
176.110.4.128/25,LHO,,
176.110.5.0/25,LHO,,
176.110.6.128/25,LHO,,
176.110.8.0/25,LHO,,
176.110.9.128/25,LHO,,
176.110.11.0/25,LHO,,
176.110.12.0/25,LHO,,
176.110.14.0/25,LHO,,
176.110.16.192/26,LHO,,
176.110.18.0/25,LHO,,
176.110.19.0/25,LHO,,
176.110.20.128/25,LHO,,
176.110.22.128/25,LHO,,
176.110.26.128/25,LHO,,
176.110.27.0/25,LHO,,
176.110.28.0/24,LHO,,
176.110.29.128/25,LHO,,
176.110.30.0/25,LHO,,
176.110.32.64/26,LHO,,
176.110.32.128/25,LHO,,
176.110.34.128/25,LHO,,
176.110.35.128/25,LHO,,
176.110.37.0/24,LHO,,
176.110.38.0/25,LHO,,
176.110.39.128/25,LHO,,
176.110.40.0/25,LHO,,
176.110.41.192/26,LHO,,
176.110.46.128/25,LHO,,
176.110.47.0/24,LHO,,
176.110.48.128/25,LHO,,
176.110.49.128/25,LHO,,
176.110.51.0/26,LHO,,
176.110.51.128/25,LHO,,
176.110.55.128/25,LHO,,
176.110.56.128/25,LHO,,
176.110.59.0/25,LHO,,
176.110.60.128/25,LHO,,
176.110.61.128/25,LHO,,
176.110.62.128/25,LHO,,
176.113.224.0/21,LHO,,
176.113.232.0/21,LHO,,
176.113.240.0/21,LHO,,
176.113.248.0/24,LHO,,
176.113.249.0/25,LHO,,
176.113.249.128/25,LHO,,
176.113.250.0/24,LHO,,
176.113.251.0/25,LHO,,
176.113.251.128/25,LHO,,
176.113.252.0/22,LHO,,
176.117.64.0/20,LHO,,
176.117.80.0/22,LHO,,
176.117.84.0/25,LHO,,
176.117.84.128/26,LHO,,
176.117.85.0/24,LHO,,
176.117.86.0/23,LHO,,
176.117.88.0/21,LHO,,
178.23.136.0/24,LHO,,
178.23.137.0/24,LHO,,
178.23.138.0/23,LHO,,
178.23.140.0/25,LHO,,
178.158.1.0/24,LHO,,
178.158.2.0/23,LHO,,
178.158.4.0/22,LHO,,
178.158.8.0/21,LHO,,
178.158.16.0/20,LHO,,
178.158.32.0/23,LHO,,
178.158.34.0/23,LHO,,
178.158.36.0/22,LHO,,
178.158.40.0/21,LHO,,
178.158.48.0/20,LHO,,
178.158.64.0/23,LHO,,
178.158.66.0/24,LHO,,
178.159.208.0/24,LHO,,
178.159.212.0/24,LHO,,
178.159.214.0/24,LHO,,
178.159.216.0/25,LHO,,
178.159.216.128/25,LHO,,
178.159.218.0/24,LHO,,
178.159.219.0/24,LHO,,
178.219.192.0/22,LHO,,
178.219.196.0/23,LHO,,
178.219.198.0/23,LHO,,
178.251.108.128/25,LHO,,
185.19.244.0/26,LHO,,
185.19.244.64/26,LHO,,
185.19.244.128/25,LHO,,
185.33.140.0/22,LHO,,
185.41.22.0/24,LHO,,
185.212.250.0/25,LHO,,
188.0.96.0/25,LHO,,
188.0.99.0/25,LHO,,
188.0.100.0/25,LHO,,
188.0.105.0/25,LHO,,
188.0.106.0/25,LHO,,
188.0.108.0/25,LHO,,
188.0.110.0/25,LHO,,
188.0.113.0/25,LHO,,
188.0.119.128/25,LHO,,
188.0.121.0/25,LHO,,
188.0.122.0/25,LHO,,
188.0.124.0/25,LHO,,
188.0.127.128/25,LHO,,
188.163.56.64/28,LHO,,
188.163.56.96/27,LHO,,
188.163.56.128/28,LHO,,
188.163.56.160/27,LHO,,
188.163.56.192/26,LHO,,
188.163.61.64/26,LHO,,
188.163.61.128/25,LHO,,
188.190.218.0/24,LHO,,
193.32.70.0/24,LHO,,
193.93.52.0/25,LHO,,
193.106.202.0/23,LHO,,
193.106.236.0/23,LHO,,
193.110.169.0/24,LHO,,
193.192.37.16/32,LHO,,
193.228.160.0/22,LHO,,
194.0.52.0/32,LHO,,
194.0.52.1/32,LHO,,
194.0.52.2/31,LHO,,
194.0.52.4/30,LHO,,
194.0.52.8/29,LHO,,
194.0.52.16/28,LHO,,
194.0.52.32/27,LHO,,
194.0.52.64/26,LHO,,
194.0.52.128/25,LHO,,
194.0.53.0/24,LHO,,
194.0.54.0/24,LHO,,
194.0.55.0/24,LHO,,
194.0.56.0/23,LHO,,
194.0.206.0/25,LHO,,
194.28.140.0/23,LHO,,
194.31.152.0/23,LHO,,
194.79.8.0/22,LHO,,
194.79.60.0/23,LHO,,
194.79.62.0/23,LHO,,
194.116.194.0/23,LHO,,
194.145.220.0/29,LHO,,
194.145.220.8/31,LHO,,
194.145.220.10/32,LHO,,
194.145.220.11/32,LHO,,
194.145.220.12/30,LHO,,
194.145.220.16/28,LHO,,
194.145.220.32/27,LHO,,
194.145.220.64/26,LHO,,
194.145.220.128/25,LHO,,
194.145.221.0/24,LHO,,
194.246.92.0/24,LHO,,
194.246.93.0/29,LHO,,
194.246.93.8/32,LHO,,
194.246.93.9/32,LHO,,
194.246.93.10/31,LHO,,
194.246.93.12/30,LHO,,
194.246.93.16/28,LHO,,
194.246.93.32/27,LHO,,
194.246.93.64/26,LHO,,
194.246.93.128/25,LHO,,
195.3.132.0/23,LHO,,
195.3.134.0/25,LHO,,
195.3.134.128/25,LHO,,
195.3.135.0/24,LHO,,
195.5.2.0/23,LHO,,
195.5.12.0/23,LHO,,
195.5.124.0/25,LHO,,
195.5.124.128/26,LHO,,
195.5.124.192/30,LHO,,
195.5.124.196/30,LHO,,
195.5.124.200/29,LHO,,
195.5.124.208/29,LHO,,
195.5.124.216/29,LHO,,
195.5.124.224/27,LHO,,
195.5.125.0/24,LHO,,
195.39.248.0/24,LHO,,
195.39.249.0/24,LHO,,
195.58.248.0/24,LHO,,
195.58.249.0/24,LHO,,
195.58.250.0/23,LHO,,
195.58.252.0/23,LHO,,
195.58.254.0/23,LHO,,
195.64.142.0/24,LHO,,
195.64.143.0/24,LHO,,
195.69.200.0/23,LHO,,
195.69.202.0/24,LHO,,
195.69.203.0/26,LHO,,
195.69.203.64/28,LHO,,
195.69.203.80/31,LHO,,
195.69.203.82/32,LHO,,
195.69.203.83/32,LHO,,
195.69.203.84/32,LHO,,
195.69.203.85/32,LHO,,
195.69.203.86/31,LHO,,
195.69.203.88/29,LHO,,
195.69.203.96/27,LHO,,
195.69.203.128/25,LHO,,
195.78.104.0/25,LHO,,
195.158.220.32/29,LHO,,
195.158.220.40/30,LHO,,
195.158.220.45/32,LHO,,
195.158.220.46/31,LHO,,
195.158.220.48/28,LHO,,
195.158.221.0/24,LHO,,
195.158.222.0/24,LHO,,
195.158.223.0/24,LHO,,
195.189.44.0/23,LHO,,
195.189.46.0/26,LHO,,
195.189.46.64/27,LHO,,
195.189.46.96/28,LHO,,
195.189.46.112/29,LHO,,
195.189.46.120/30,LHO,,
195.189.46.124/31,LHO,,
195.189.46.126/32,LHO,,
195.189.46.128/25,LHO,,
195.189.47.0/24,LHO,,
195.191.200.0/23,LHO,,
195.222.126.0/23,LHO,,
212.87.168.0/24,LHO,,
213.111.128.0/20,LHO,,
213.111.144.0/20,LHO,,
213.111.160.0/20,LHO,,
213.111.176.0/22,LHO,,
213.111.180.0/22,LHO,,
213.111.184.0/21,LHO,,
2001:67c:26f8::/48,LHO,,
2a02:26f7:b6c0:4e0e::/64,LHO,,
2a02:26f7:b6c0:4e39::/64,LHO,,
2a02:26f7:b6c0:dd11::/64,LHO,,
2a02:26f7:b6c0:dd21::/64,LHO,,
2a02:26f7:b6c4:4e0e::/64,LHO,,
2a02:26f7:b6c4:4e39::/64,LHO,,
2a02:26f7:b6c4:dd11::/64,LHO,,
2a02:26f7:b6c4:dd21::/64,LHO,,
2a02:26f7:b6c8:4e0e::/64,LHO,,
2a02:26f7:b6c8:4e39::/64,LHO,,
2a02:26f7:b6c8:dd11::/64,LHO,,
2a02:26f7:b6c8:dd21::/64,LHO,,
2a02:26f7:b6cc:4e0e::/64,LHO,,
2a02:26f7:b6cc:4e39::/64,LHO,,
2a02:26f7:b6cc:dd11::/64,LHO,,
2a02:26f7:b6cc:dd21::/64,LHO,,
46.34.132.0/23,RU,,
79.137.190.0/24,RU,,
79.137.185.0/24,RU,,
212.38.96.0/20,RU,,
82.118.128.56/32,RU,,
93.170.111.237/32,RU,,
95.140.86.194/32,RU,,
109.110.83.137/32,ROC,,
91.200.86.0/24,RU,,
79.137.182.0/24,RU,,
62.109.160.0/19,RU,,
46.3.85.6/32,RU,,
46.3.85.5/32,RU,,
194.147.51.0/24,RU,,
176.117.35.88/32,RU,,
95.161.97.114/32,RU,,
37.230.247.0/24,RU,,
93.171.206.169/32,RU,,
95.153.135.0/24,RU,,
195.9.161.102/32,RU,,
195.9.163.54/32,RU,,
195.9.0.0/16,RU,,
89.221.48.0/20,RU,,
93.170.203.0/24,RU,,
89.221.48.0/20,RU,,
176.121.60.0/22,RU,,
91.219.232.0/22,ROC,,
95.220.0.0/16,RU,,
193.188.20.14/32,RU,,
95.220.55.174/32,RU,,
95.220.54.106/32,RU,,
193.233.201.250/32,RU,,
46.188.53.231/32,RU,,
95.215.136.0/22,RU,,
79.137.169.0/24,RU,,
79.137.168.0/24,RU,,
91.241.133.26/32,RU,,
 193.9.22.11/32,RU,,
91.194.238.35/22,ROC,,
91.241.128.47/22,ROC,,
79.137.187.140/32,RU,,
194.24.190.0/23,RU,,
193.9.22.11/22,RU,,
45.129.140.85/32,RU,,
92.118.74.0/24,RU,,
92.118.75.0/24,RU,,
185.153.133.129/32,ROC,,
77.37.128.0/18,RU,,
185.153.132.0/22,RU,,
77.37.171.180/32,RU,,
91.132.107.0/24,RU,,
77.37.171.180/32,RU,,
31.40.128.0/18,RU,,
82.118.133.46/32,RU,,
185.202.111.0/24,RU,,
62.182.11.34/32,RU,,
92.38.176.53/32,RU,,
194.87.57.0/24,RU,,
193.233.176.0/20,RU,,
193.233.92.0/24,RU,,
193.233.224.0/22,RU,,
193.233.240.0/23,RU,,
193.233.243.0/24,RU,,
72.14.192.0/18,US,,
194.84.250.0/24,RU,,
85.158.190.0/24,RU,,
85.158.188.0/23,RU,,
94.137.94.0/24,RU,,
213.226.114.0/24,RU,,
213.226.113.0/24,RU,,
31.172.133.0/24,RU,,
213.226.112.0/24,RU,,
46.8.62.0/24,ROC,,
195.133.2.0/24,RU,,
193.143.92.0/24,RU,,
91.200.86.0/24,RU,,
91.200.87.0/24,RU,,
92.63.200.0/24,RU,,
109.110.66.167/32,RU,,
95.85.90.0/24,RU,,
185.5.42.0/24,RU,,
185.5.43.0/24,RU,,
193.16.101.0/24,RU,,
31.135.179.0/24 ,RU,,
185.248.130.0/24,RU,,
31.135.176.0/24 ,DNO,,
194.31.171.0/24 ,RU,,
185.125.114.0/24,ROC,,
109.202.24.0/21,RU,,
185.125.112.0/22,ROC,,
91.213.113.0/24,RU,,
109.110.64.0/19,ROC,,
